repeat,concurrency,workload,role,view,operation,calls,input_items,attempts,completed_calls_per_second,successful_calls_per_second,completed_input_items_per_second,successful_input_items_per_second,mean_us,p50_lower_us,p50_upper_us,p95_lower_us,p95_upper_us,p99_lower_us,p99_upper_us,outcomes_json,reasons_json,client_cpu_cores,server_cpu_cores
0,1,point-r000,old,combined,read+write,160723,160723,160723,16072.259110565597,16072.259110565597,16072.259110565597,16072.259110565597,62.11678586761074,60.416,60.927,74.752,75.775,83.968,84.991,"{""client_rejected"": 0, ""read_failure"": 0, ""refused"": 0, ""success"": 160723, ""unknown_write"": 0}","{""admission_bytes"": 0, ""admission_count"": 0, ""admission_oversize"": 0, ""client_capacity"": 0, ""client_input"": 0, ""deadline"": 0, ""not_leader"": 0, ""protocol"": 0, ""read_apply_unconfirmed"": 0, ""read_quorum_unconfirmed"": 0, ""rpc_status"": 0, ""success"": 160723}",0.12679988962617061,2.5400179350678833
0,1,point-r000,old,get,get,0,0,0,0.0,0.0,0.0,0.0,,,,,,,,"{""client_rejected"": 0, ""read_failure"": 0, ""refused"": 0, ""success"": 0, ""unknown_write"": 0}","{""admission_bytes"": 0, ""admission_count"": 0, ""admission_oversize"": 0, ""client_capacity"": 0, ""client_input"": 0, ""deadline"": 0, ""not_leader"": 0, ""protocol"": 0, ""read_apply_unconfirmed"": 0, ""read_quorum_unconfirmed"": 0, ""rpc_status"": 0, ""success"": 0}",0.12679988962617061,2.5400179350678833
0,1,point-r000,old,put,put,160723,160723,160723,16072.259110565597,16072.259110565597,16072.259110565597,16072.259110565597,62.11678586761074,60.416,60.927,74.752,75.775,83.968,84.991,"{""client_rejected"": 0, ""read_failure"": 0, ""refused"": 0, ""success"": 160723, ""unknown_write"": 0}","{""admission_bytes"": 0, ""admission_count"": 0, ""admission_oversize"": 0, ""client_capacity"": 0, ""client_input"": 0, ""deadline"": 0, ""not_leader"": 0, ""protocol"": 0, ""read_apply_unconfirmed"": 0, ""read_quorum_unconfirmed"": 0, ""rpc_status"": 0, ""success"": 160723}",0.12679988962617061,2.5400179350678833
0,1,point-r000,new,combined,read+write,162898,162898,162898,16289.707189393288,16289.707189393288,16289.707189393288,16289.707189393288,61.281964407175046,59.904,60.415,72.704,73.727,82.944,83.967,"{""client_rejected"": 0, ""read_failure"": 0, ""refused"": 0, ""success"": 162898, ""unknown_write"": 0}","{""admission_bytes"": 0, ""admission_count"": 0, ""admission_oversize"": 0, ""client_capacity"": 0, ""client_input"": 0, ""deadline"": 0, ""not_leader"": 0, ""protocol"": 0, ""read_apply_unconfirmed"": 0, ""read_quorum_unconfirmed"": 0, ""rpc_status"": 0, ""success"": 162898}",0.1276734728196706,2.5444437576707664
0,1,point-r000,new,get,get,0,0,0,0.0,0.0,0.0,0.0,,,,,,,,"{""client_rejected"": 0, ""read_failure"": 0, ""refused"": 0, ""success"": 0, ""unknown_write"": 0}","{""admission_bytes"": 0, ""admission_count"": 0, ""admission_oversize"": 0, ""client_capacity"": 0, ""client_input"": 0, ""deadline"": 0, ""not_leader"": 0, ""protocol"": 0, ""read_apply_unconfirmed"": 0, ""read_quorum_unconfirmed"": 0, ""rpc_status"": 0, ""success"": 0}",0.1276734728196706,2.5444437576707664
0,1,point-r000,new,put,put,162898,162898,162898,16289.707189393288,16289.707189393288,16289.707189393288,16289.707189393288,61.281964407175046,59.904,60.415,72.704,73.727,82.944,83.967,"{""client_rejected"": 0, ""read_failure"": 0, ""refused"": 0, ""success"": 162898, ""unknown_write"": 0}","{""admission_bytes"": 0, ""admission_count"": 0, ""admission_oversize"": 0, ""client_capacity"": 0, ""client_input"": 0, ""deadline"": 0, ""not_leader"": 0, ""protocol"": 0, ""read_apply_unconfirmed"": 0, ""read_quorum_unconfirmed"": 0, ""rpc_status"": 0, ""success"": 162898}",0.1276734728196706,2.5444437576707664
0,1,point-r000,redis,combined,read+write,1720618,1720618,1720618,172061.7932723839,172061.7932723839,172061.7932723839,172061.7932723839,5.691728096532757,5.568,5.631,5.888,5.951,7.552,7.615,"{""read_failure"": 0, ""success"": 1720618, ""unknown_write"": 0}","{""data_integrity"": 0, ""deadline"": 0, ""io"": 0, ""protocol"": 0, ""server_error"": 0, ""success"": 1720618}",0.6054773237202995,0.5330475919312534
0,1,point-r000,redis,get,get,0,0,0,0.0,0.0,0.0,0.0,,,,,,,,"{""read_failure"": 0, ""success"": 0, ""unknown_write"": 0}","{""data_integrity"": 0, ""deadline"": 0, ""io"": 0, ""protocol"": 0, ""server_error"": 0, ""success"": 0}",0.6054773237202995,0.5330475919312534
0,1,point-r000,redis,set,set,1720618,1720618,1720618,172061.7932723839,172061.7932723839,172061.7932723839,172061.7932723839,5.691728096532757,5.568,5.631,5.888,5.951,7.552,7.615,"{""read_failure"": 0, ""success"": 1720618, ""unknown_write"": 0}","{""data_integrity"": 0, ""deadline"": 0, ""io"": 0, ""protocol"": 0, ""server_error"": 0, ""success"": 1720618}",0.6054773237202995,0.5330475919312534
0,1,point-r050,old,combined,read+write,185063,185063,185063,18506.291366815076,18506.291366815076,18506.291366815076,18506.291366815076,53.92445633649082,53.248,53.759,69.632,70.655,78.848,79.871,"{""client_rejected"": 0, ""read_failure"": 0, ""refused"": 0, ""success"": 185063, ""unknown_write"": 0}","{""admission_bytes"": 0, ""admission_count"": 0, ""admission_oversize"": 0, ""client_capacity"": 0, ""client_input"": 0, ""deadline"": 0, ""not_leader"": 0, ""protocol"": 0, ""read_apply_unconfirmed"": 0, ""read_quorum_unconfirmed"": 0, ""rpc_status"": 0, ""success"": 185063}",0.14189676377937774,2.1687021570480827
0,1,point-r050,old,get,get,92685,92685,92685,9268.495676246766,9268.495676246766,9268.495676246766,9268.495676246766,47.49922326158494,46.592,47.103,57.856,58.367,65.024,65.535,"{""client_rejected"": 0, ""read_failure"": 0, ""refused"": 0, ""success"": 92685, ""unknown_write"": 0}","{""admission_bytes"": 0, ""admission_count"": 0, ""admission_oversize"": 0, ""client_capacity"": 0, ""client_input"": 0, ""deadline"": 0, ""not_leader"": 0, ""protocol"": 0, ""read_apply_unconfirmed"": 0, ""read_quorum_unconfirmed"": 0, ""rpc_status"": 0, ""success"": 92685}",0.14189676377937774,2.1687021570480827
0,1,point-r050,old,put,put,92378,92378,92378,9237.79569056831,9237.79569056831,9237.79569056831,9237.79569056831,60.371042401870575,58.88,59.391,72.704,73.727,82.944,83.967,"{""client_rejected"": 0, ""read_failure"": 0, ""refused"": 0, ""success"": 92378, ""unknown_write"": 0}","{""admission_bytes"": 0, ""admission_count"": 0, ""admission_oversize"": 0, ""client_capacity"": 0, ""client_input"": 0, ""deadline"": 0, ""not_leader"": 0, ""protocol"": 0, ""read_apply_unconfirmed"": 0, ""read_quorum_unconfirmed"": 0, ""rpc_status"": 0, ""success"": 92378}",0.14189676377937774,2.1687021570480827
0,1,point-r050,new,combined,read+write,183622,183622,183622,18362.111588268912,18362.111588268912,18362.111588268912,18362.111588268912,54.349555254816956,53.248,53.759,70.656,71.679,79.872,80.895,"{""client_rejected"": 0, ""read_failure"": 0, ""refused"": 0, ""success"": 183622, ""unknown_write"": 0}","{""admission_bytes"": 0, ""admission_count"": 0, ""admission_oversize"": 0, ""client_capacity"": 0, ""client_input"": 0, ""deadline"": 0, ""not_leader"": 0, ""protocol"": 0, ""read_apply_unconfirmed"": 0, ""read_quorum_unconfirmed"": 0, ""rpc_status"": 0, ""success"": 183622}",0.14187697635068278,2.1714417581372603
0,1,point-r050,new,get,get,91927,91927,91927,9192.655738281886,9192.655738281886,9192.655738281886,9192.655738281886,47.67716990655629,47.104,47.615,58.368,58.879,65.536,66.559,"{""client_rejected"": 0, ""read_failure"": 0, ""refused"": 0, ""success"": 91927, ""unknown_write"": 0}","{""admission_bytes"": 0, ""admission_count"": 0, ""admission_oversize"": 0, ""client_capacity"": 0, ""client_input"": 0, ""deadline"": 0, ""not_leader"": 0, ""protocol"": 0, ""read_apply_unconfirmed"": 0, ""read_quorum_unconfirmed"": 0, ""rpc_status"": 0, ""success"": 91927}",0.14187697635068278,2.1714417581372603
0,1,point-r050,new,put,put,91695,91695,91695,9169.455849987027,9169.455849987027,9169.455849987027,9169.455849987027,61.038822585746225,59.904,60.415,73.728,74.751,83.968,84.991,"{""client_rejected"": 0, ""read_failure"": 0, ""refused"": 0, ""success"": 91695, ""unknown_write"": 0}","{""admission_bytes"": 0, ""admission_count"": 0, ""admission_oversize"": 0, ""client_capacity"": 0, ""client_input"": 0, ""deadline"": 0, ""not_leader"": 0, ""protocol"": 0, ""read_apply_unconfirmed"": 0, ""read_quorum_unconfirmed"": 0, ""rpc_status"": 0, ""success"": 91695}",0.14187697635068278,2.1714417581372603
0,1,point-r050,redis,combined,read+write,1722864,1722864,1722864,172286.36866110953,172286.36866110953,172286.36866110953,172286.36866110953,5.725663734920459,5.632,5.695,5.888,5.951,7.36,7.423,"{""read_failure"": 0, ""success"": 1722864, ""unknown_write"": 0}","{""data_integrity"": 0, ""deadline"": 0, ""io"": 0, ""protocol"": 0, ""server_error"": 0, ""success"": 1722864}",0.607659393900174,0.5291964408585108
0,1,point-r050,redis,get,get,860623,860623,860623,86062.28434527048,86062.28434527048,86062.28434527048,86062.28434527048,5.712385201185652,5.568,5.631,5.952,6.015,7.36,7.423,"{""read_failure"": 0, ""success"": 860623, ""unknown_write"": 0}","{""data_integrity"": 0, ""deadline"": 0, ""io"": 0, ""protocol"": 0, ""server_error"": 0, ""success"": 860623}",0.607659393900174,0.5291964408585108
0,1,point-r050,redis,set,set,862241,862241,862241,86224.08431583906,86224.08431583906,86224.08431583906,86224.08431583906,5.738917351413352,5.632,5.695,5.888,5.951,7.36,7.423,"{""read_failure"": 0, ""success"": 862241, ""unknown_write"": 0}","{""data_integrity"": 0, ""deadline"": 0, ""io"": 0, ""protocol"": 0, ""server_error"": 0, ""success"": 862241}",0.607659393900174,0.5291964408585108
0,1,point-r100,old,combined,read+write,263357,263357,263357,26335.681428077456,26335.681428077456,26335.681428077456,26335.681428077456,37.85660306731926,36.352,36.863,44.544,45.055,51.712,52.223,"{""client_rejected"": 0, ""read_failure"": 0, ""refused"": 0, ""success"": 263357, ""unknown_write"": 0}","{""admission_bytes"": 0, ""admission_count"": 0, ""admission_oversize"": 0, ""client_capacity"": 0, ""client_input"": 0, ""deadline"": 0, ""not_leader"": 0, ""protocol"": 0, ""read_apply_unconfirmed"": 0, ""read_quorum_unconfirmed"": 0, ""rpc_status"": 0, ""success"": 263357}",0.1924648232959677,1.6470044352180195
0,1,point-r100,old,get,get,263357,263357,263357,26335.681428077456,26335.681428077456,26335.681428077456,26335.681428077456,37.85660306731926,36.352,36.863,44.544,45.055,51.712,52.223,"{""client_rejected"": 0, ""read_failure"": 0, ""refused"": 0, ""success"": 263357, ""unknown_write"": 0}","{""admission_bytes"": 0, ""admission_count"": 0, ""admission_oversize"": 0, ""client_capacity"": 0, ""client_input"": 0, ""deadline"": 0, ""not_leader"": 0, ""protocol"": 0, ""read_apply_unconfirmed"": 0, ""read_quorum_unconfirmed"": 0, ""rpc_status"": 0, ""success"": 263357}",0.1924648232959677,1.6470044352180195
0,1,point-r100,old,put,put,0,0,0,0.0,0.0,0.0,0.0,,,,,,,,"{""client_rejected"": 0, ""read_failure"": 0, ""refused"": 0, ""success"": 0, ""unknown_write"": 0}","{""admission_bytes"": 0, ""admission_count"": 0, ""admission_oversize"": 0, ""client_capacity"": 0, ""client_input"": 0, ""deadline"": 0, ""not_leader"": 0, ""protocol"": 0, ""read_apply_unconfirmed"": 0, ""read_quorum_unconfirmed"": 0, ""rpc_status"": 0, ""success"": 0}",0.1924648232959677,1.6470044352180195
0,1,point-r100,new,combined,read+write,263092,263092,263092,26309.128631226762,26309.128631226762,26309.128631226762,26309.128631226762,37.896120098672704,36.864,37.375,44.544,45.055,52.736,53.247,"{""client_rejected"": 0, ""read_failure"": 0, ""refused"": 0, ""success"": 263092, ""unknown_write"": 0}","{""admission_bytes"": 0, ""admission_count"": 0, ""admission_oversize"": 0, ""client_capacity"": 0, ""client_input"": 0, ""deadline"": 0, ""not_leader"": 0, ""protocol"": 0, ""read_apply_unconfirmed"": 0, ""read_quorum_unconfirmed"": 0, ""rpc_status"": 0, ""success"": 263092}",0.19159310811735875,1.6380382815000063
0,1,point-r100,new,get,get,263092,263092,263092,26309.128631226762,26309.128631226762,26309.128631226762,26309.128631226762,37.896120098672704,36.864,37.375,44.544,45.055,52.736,53.247,"{""client_rejected"": 0, ""read_failure"": 0, ""refused"": 0, ""success"": 263092, ""unknown_write"": 0}","{""admission_bytes"": 0, ""admission_count"": 0, ""admission_oversize"": 0, ""client_capacity"": 0, ""client_input"": 0, ""deadline"": 0, ""not_leader"": 0, ""protocol"": 0, ""read_apply_unconfirmed"": 0, ""read_quorum_unconfirmed"": 0, ""rpc_status"": 0, ""success"": 263092}",0.19159310811735875,1.6380382815000063
0,1,point-r100,new,put,put,0,0,0,0.0,0.0,0.0,0.0,,,,,,,,"{""client_rejected"": 0, ""read_failure"": 0, ""refused"": 0, ""success"": 0, ""unknown_write"": 0}","{""admission_bytes"": 0, ""admission_count"": 0, ""admission_oversize"": 0, ""client_capacity"": 0, ""client_input"": 0, ""deadline"": 0, ""not_leader"": 0, ""protocol"": 0, ""read_apply_unconfirmed"": 0, ""read_quorum_unconfirmed"": 0, ""rpc_status"": 0, ""success"": 0}",0.19159310811735875,1.6380382815000063
0,1,point-r100,redis,combined,read+write,1731952,1731952,1731952,173195.13633346788,173195.13633346788,173195.13633346788,173195.13633346788,5.690932253318799,5.568,5.631,5.952,6.015,7.616,7.679,"{""read_failure"": 0, ""success"": 1731952, ""unknown_write"": 0}","{""data_integrity"": 0, ""deadline"": 0, ""io"": 0, ""protocol"": 0, ""server_error"": 0, ""success"": 1731952}",0.6168001538410487,0.5253928669791094
0,1,point-r100,redis,get,get,1731952,1731952,1731952,173195.13633346788,173195.13633346788,173195.13633346788,173195.13633346788,5.690932253318799,5.568,5.631,5.952,6.015,7.616,7.679,"{""read_failure"": 0, ""success"": 1731952, ""unknown_write"": 0}","{""data_integrity"": 0, ""deadline"": 0, ""io"": 0, ""protocol"": 0, ""server_error"": 0, ""success"": 1731952}",0.6168001538410487,0.5253928669791094
0,1,point-r100,redis,set,set,0,0,0,0.0,0.0,0.0,0.0,,,,,,,,"{""read_failure"": 0, ""success"": 0, ""unknown_write"": 0}","{""data_integrity"": 0, ""deadline"": 0, ""io"": 0, ""protocol"": 0, ""server_error"": 0, ""success"": 0}",0.6168001538410487,0.5253928669791094
0,1,batch64-r000,old,combined,read+write,46498,2975872,46498,4649.768328568007,4649.768328568007,297585.17302835244,297585.17302835244,214.9619108348746,208.896,210.943,237.568,239.615,278.528,282.623,"{""client_rejected"": 0, ""read_failure"": 0, ""refused"": 0, ""success"": 46498, ""unknown_write"": 0}","{""admission_bytes"": 0, ""admission_count"": 0, ""admission_oversize"": 0, ""client_capacity"": 0, ""client_input"": 0, ""deadline"": 0, ""not_leader"": 0, ""protocol"": 0, ""read_apply_unconfirmed"": 0, ""read_quorum_unconfirmed"": 0, ""rpc_status"": 0, ""success"": 46498}",0.11355774579549706,2.057111963393301
0,1,batch64-r000,old,batch_get,batch_get,0,0,0,0.0,0.0,0.0,0.0,,,,,,,,"{""client_rejected"": 0, ""read_failure"": 0, ""refused"": 0, ""success"": 0, ""unknown_write"": 0}","{""admission_bytes"": 0, ""admission_count"": 0, ""admission_oversize"": 0, ""client_capacity"": 0, ""client_input"": 0, ""deadline"": 0, ""not_leader"": 0, ""protocol"": 0, ""read_apply_unconfirmed"": 0, ""read_quorum_unconfirmed"": 0, ""rpc_status"": 0, ""success"": 0}",0.11355774579549706,2.057111963393301
0,1,batch64-r000,old,batch_put,batch_put,46498,2975872,46498,4649.768328568007,4649.768328568007,297585.17302835244,297585.17302835244,214.9619108348746,208.896,210.943,237.568,239.615,278.528,282.623,"{""client_rejected"": 0, ""read_failure"": 0, ""refused"": 0, ""success"": 46498, ""unknown_write"": 0}","{""admission_bytes"": 0, ""admission_count"": 0, ""admission_oversize"": 0, ""client_capacity"": 0, ""client_input"": 0, ""deadline"": 0, ""not_leader"": 0, ""protocol"": 0, ""read_apply_unconfirmed"": 0, ""read_quorum_unconfirmed"": 0, ""rpc_status"": 0, ""success"": 46498}",0.11355774579549706,2.057111963393301
0,1,batch64-r000,new,combined,read+write,46049,2947136,46049,4604.8933625067075,4604.8933625067075,294713.1752004293,294713.1752004293,217.04601758995852,210.944,212.991,239.616,241.663,274.432,278.527,"{""client_rejected"": 0, ""read_failure"": 0, ""refused"": 0, ""success"": 46049, ""unknown_write"": 0}","{""admission_bytes"": 0, ""admission_count"": 0, ""admission_oversize"": 0, ""client_capacity"": 0, ""client_input"": 0, ""deadline"": 0, ""not_leader"": 0, ""protocol"": 0, ""read_apply_unconfirmed"": 0, ""read_quorum_unconfirmed"": 0, ""rpc_status"": 0, ""success"": 46049}",0.11259203303818749,2.049727087778411
0,1,batch64-r000,new,batch_get,batch_get,0,0,0,0.0,0.0,0.0,0.0,,,,,,,,"{""client_rejected"": 0, ""read_failure"": 0, ""refused"": 0, ""success"": 0, ""unknown_write"": 0}","{""admission_bytes"": 0, ""admission_count"": 0, ""admission_oversize"": 0, ""client_capacity"": 0, ""client_input"": 0, ""deadline"": 0, ""not_leader"": 0, ""protocol"": 0, ""read_apply_unconfirmed"": 0, ""read_quorum_unconfirmed"": 0, ""rpc_status"": 0, ""success"": 0}",0.11259203303818749,2.049727087778411
0,1,batch64-r000,new,batch_put,batch_put,46049,2947136,46049,4604.8933625067075,4604.8933625067075,294713.1752004293,294713.1752004293,217.04601758995852,210.944,212.991,239.616,241.663,274.432,278.527,"{""client_rejected"": 0, ""read_failure"": 0, ""refused"": 0, ""success"": 46049, ""unknown_write"": 0}","{""admission_bytes"": 0, ""admission_count"": 0, ""admission_oversize"": 0, ""client_capacity"": 0, ""client_input"": 0, ""deadline"": 0, ""not_leader"": 0, ""protocol"": 0, ""read_apply_unconfirmed"": 0, ""read_quorum_unconfirmed"": 0, ""rpc_status"": 0, ""success"": 46049}",0.11259203303818749,2.049727087778411
0,1,batch64-r000,redis,combined,read+write,423441,27100224,423441,42344.05032196016,42344.05032196016,2710019.22060545,2710019.22060545,22.47882748482079,22.016,22.271,23.296,23.551,29.696,29.951,"{""read_failure"": 0, ""success"": 423441, ""unknown_write"": 0}","{""data_integrity"": 0, ""deadline"": 0, ""io"": 0, ""protocol"": 0, ""server_error"": 0, ""success"": 423441}",0.6152238958901091,0.4181768642444784
0,1,batch64-r000,redis,mget,mget,0,0,0,0.0,0.0,0.0,0.0,,,,,,,,"{""read_failure"": 0, ""success"": 0, ""unknown_write"": 0}","{""data_integrity"": 0, ""deadline"": 0, ""io"": 0, ""protocol"": 0, ""server_error"": 0, ""success"": 0}",0.6152238958901091,0.4181768642444784
0,1,batch64-r000,redis,mset,mset,423441,27100224,423441,42344.05032196016,42344.05032196016,2710019.22060545,2710019.22060545,22.47882748482079,22.016,22.271,23.296,23.551,29.696,29.951,"{""read_failure"": 0, ""success"": 423441, ""unknown_write"": 0}","{""data_integrity"": 0, ""deadline"": 0, ""io"": 0, ""protocol"": 0, ""server_error"": 0, ""success"": 423441}",0.6152238958901091,0.4181768642444784
0,1,batch64-r050,old,combined,read+write,58617,3751488,58617,5861.673977684543,5861.673977684543,375147.1345718108,375147.1345718108,170.09304321271986,194.56,196.607,233.472,235.519,270.336,274.431,"{""client_rejected"": 0, ""read_failure"": 0, ""refused"": 0, ""success"": 58617, ""unknown_write"": 0}","{""admission_bytes"": 0, ""admission_count"": 0, ""admission_oversize"": 0, ""client_capacity"": 0, ""client_input"": 0, ""deadline"": 0, ""not_leader"": 0, ""protocol"": 0, ""read_apply_unconfirmed"": 0, ""read_quorum_unconfirmed"": 0, ""rpc_status"": 0, ""success"": 58617}",0.14993077074957104,1.7348004386469742
0,1,batch64-r050,old,batch_get,batch_get,29270,1873280,29270,2926.987005933886,2926.987005933886,187327.1683797687,187327.1683797687,119.80038397676802,116.736,117.759,151.552,153.599,172.032,174.079,"{""client_rejected"": 0, ""read_failure"": 0, ""refused"": 0, ""success"": 29270, ""unknown_write"": 0}","{""admission_bytes"": 0, ""admission_count"": 0, ""admission_oversize"": 0, ""client_capacity"": 0, ""client_input"": 0, ""deadline"": 0, ""not_leader"": 0, ""protocol"": 0, ""read_apply_unconfirmed"": 0, ""read_quorum_unconfirmed"": 0, ""rpc_status"": 0, ""success"": 29270}",0.14993077074957104,1.7348004386469742
0,1,batch64-r050,old,batch_put,batch_put,29347,1878208,29347,2934.6869717506574,2934.6869717506574,187819.96619204208,187819.96619204208,220.25374569802705,212.992,215.039,247.808,249.855,282.624,286.719,"{""client_rejected"": 0, ""read_failure"": 0, ""refused"": 0, ""success"": 29347, ""unknown_write"": 0}","{""admission_bytes"": 0, ""admission_count"": 0, ""admission_oversize"": 0, ""client_capacity"": 0, ""client_input"": 0, ""deadline"": 0, ""not_leader"": 0, ""protocol"": 0, ""read_apply_unconfirmed"": 0, ""read_quorum_unconfirmed"": 0, ""rpc_status"": 0, ""success"": 29347}",0.14993077074957104,1.7348004386469742
0,1,batch64-r050,new,combined,read+write,58681,3755584,58681,5868.023006256937,5868.023006256937,375553.472400444,375553.472400444,169.903123310782,194.56,196.607,233.472,235.519,266.24,270.335,"{""client_rejected"": 0, ""read_failure"": 0, ""refused"": 0, ""success"": 58681, ""unknown_write"": 0}","{""admission_bytes"": 0, ""admission_count"": 0, ""admission_oversize"": 0, ""client_capacity"": 0, ""client_input"": 0, ""deadline"": 0, ""not_leader"": 0, ""protocol"": 0, ""read_apply_unconfirmed"": 0, ""read_quorum_unconfirmed"": 0, ""rpc_status"": 0, ""success"": 58681}",0.14885654366969667,1.7380900124939764
0,1,batch64-r050,new,batch_get,batch_get,29297,1875008,29297,2929.6615602036345,2929.6615602036345,187498.3398530326,187498.3398530326,119.31012687305868,115.712,116.735,151.552,153.599,172.032,174.079,"{""client_rejected"": 0, ""read_failure"": 0, ""refused"": 0, ""success"": 29297, ""unknown_write"": 0}","{""admission_bytes"": 0, ""admission_count"": 0, ""admission_oversize"": 0, ""client_capacity"": 0, ""client_input"": 0, ""deadline"": 0, ""not_leader"": 0, ""protocol"": 0, ""read_apply_unconfirmed"": 0, ""read_quorum_unconfirmed"": 0, ""rpc_status"": 0, ""success"": 29297}",0.14885654366969667,1.7380900124939764
0,1,batch64-r050,new,batch_put,batch_put,29384,1880576,29384,2938.3614460533026,2938.3614460533026,188055.13254741137,188055.13254741137,220.34632425809966,212.992,215.039,247.808,249.855,282.624,286.719,"{""client_rejected"": 0, ""read_failure"": 0, ""refused"": 0, ""success"": 29384, ""unknown_write"": 0}","{""admission_bytes"": 0, ""admission_count"": 0, ""admission_oversize"": 0, ""client_capacity"": 0, ""client_input"": 0, ""deadline"": 0, ""not_leader"": 0, ""protocol"": 0, ""read_apply_unconfirmed"": 0, ""read_quorum_unconfirmed"": 0, ""rpc_status"": 0, ""success"": 29384}",0.14885654366969667,1.7380900124939764
0,1,batch64-r050,redis,combined,read+write,404141,25865024,404141,40414.034262531866,40414.034262531866,2586498.1928020394,2586498.1928020394,23.595096236214587,23.808,24.063,25.344,25.599,30.976,31.231,"{""read_failure"": 0, ""success"": 404141, ""unknown_write"": 0}","{""data_integrity"": 0, ""deadline"": 0, ""io"": 0, ""protocol"": 0, ""server_error"": 0, ""success"": 404141}",0.6937356982634353,0.33884374634308295
0,1,batch64-r050,redis,mget,mget,202384,12952576,202384,20238.367080272106,20238.367080272106,1295255.4931374148,1295255.4931374148,24.891418649695627,24.576,24.831,25.856,26.111,31.232,31.487,"{""read_failure"": 0, ""success"": 202384, ""unknown_write"": 0}","{""data_integrity"": 0, ""deadline"": 0, ""io"": 0, ""protocol"": 0, ""server_error"": 0, ""success"": 202384}",0.6937356982634353,0.33884374634308295
0,1,batch64-r050,redis,mset,mset,201757,12912448,201757,20175.66718225976,20175.66718225976,1291242.6996646246,1291242.6996646246,22.294745243039895,22.016,22.271,23.04,23.295,30.464,30.719,"{""read_failure"": 0, ""success"": 201757, ""unknown_write"": 0}","{""data_integrity"": 0, ""deadline"": 0, ""io"": 0, ""protocol"": 0, ""server_error"": 0, ""success"": 201757}",0.6937356982634353,0.33884374634308295
0,1,batch64-r100,old,combined,read+write,94281,6033984,94281,9428.019635560626,9428.019635560626,603393.25667588,603393.25667588,105.17143430807904,102.4,103.423,117.76,118.783,137.216,139.263,"{""client_rejected"": 0, ""read_failure"": 0, ""refused"": 0, ""success"": 94281, ""unknown_write"": 0}","{""admission_bytes"": 0, ""admission_count"": 0, ""admission_oversize"": 0, ""client_capacity"": 0, ""client_input"": 0, ""deadline"": 0, ""not_leader"": 0, ""protocol"": 0, ""read_apply_unconfirmed"": 0, ""read_quorum_unconfirmed"": 0, ""rpc_status"": 0, ""success"": 94281}",0.2334638292757444,1.0929230673703008
0,1,batch64-r100,old,batch_get,batch_get,94281,6033984,94281,9428.019635560626,9428.019635560626,603393.25667588,603393.25667588,105.17143430807904,102.4,103.423,117.76,118.783,137.216,139.263,"{""client_rejected"": 0, ""read_failure"": 0, ""refused"": 0, ""success"": 94281, ""unknown_write"": 0}","{""admission_bytes"": 0, ""admission_count"": 0, ""admission_oversize"": 0, ""client_capacity"": 0, ""client_input"": 0, ""deadline"": 0, ""not_leader"": 0, ""protocol"": 0, ""read_apply_unconfirmed"": 0, ""read_quorum_unconfirmed"": 0, ""rpc_status"": 0, ""success"": 94281}",0.2334638292757444,1.0929230673703008
0,1,batch64-r100,old,batch_put,batch_put,0,0,0,0.0,0.0,0.0,0.0,,,,,,,,"{""client_rejected"": 0, ""read_failure"": 0, ""refused"": 0, ""success"": 0, ""unknown_write"": 0}","{""admission_bytes"": 0, ""admission_count"": 0, ""admission_oversize"": 0, ""client_capacity"": 0, ""client_input"": 0, ""deadline"": 0, ""not_leader"": 0, ""protocol"": 0, ""read_apply_unconfirmed"": 0, ""read_quorum_unconfirmed"": 0, ""rpc_status"": 0, ""success"": 0}",0.2334638292757444,1.0929230673703008
0,1,batch64-r100,new,combined,read+write,94287,6034368,94287,9428.616385144172,9428.616385144172,603431.448649227,603431.448649227,105.16482680539205,102.4,103.423,118.784,119.807,139.264,141.311,"{""client_rejected"": 0, ""read_failure"": 0, ""refused"": 0, ""success"": 94287, ""unknown_write"": 0}","{""admission_bytes"": 0, ""admission_count"": 0, ""admission_oversize"": 0, ""client_capacity"": 0, ""client_input"": 0, ""deadline"": 0, ""not_leader"": 0, ""protocol"": 0, ""read_apply_unconfirmed"": 0, ""read_quorum_unconfirmed"": 0, ""rpc_status"": 0, ""success"": 94287}",0.23361631093809296,1.0935915753384473
0,1,batch64-r100,new,batch_get,batch_get,94287,6034368,94287,9428.616385144172,9428.616385144172,603431.448649227,603431.448649227,105.16482680539205,102.4,103.423,118.784,119.807,139.264,141.311,"{""client_rejected"": 0, ""read_failure"": 0, ""refused"": 0, ""success"": 94287, ""unknown_write"": 0}","{""admission_bytes"": 0, ""admission_count"": 0, ""admission_oversize"": 0, ""client_capacity"": 0, ""client_input"": 0, ""deadline"": 0, ""not_leader"": 0, ""protocol"": 0, ""read_apply_unconfirmed"": 0, ""read_quorum_unconfirmed"": 0, ""rpc_status"": 0, ""success"": 94287}",0.23361631093809296,1.0935915753384473
0,1,batch64-r100,new,batch_put,batch_put,0,0,0,0.0,0.0,0.0,0.0,,,,,,,,"{""client_rejected"": 0, ""read_failure"": 0, ""refused"": 0, ""success"": 0, ""unknown_write"": 0}","{""admission_bytes"": 0, ""admission_count"": 0, ""admission_oversize"": 0, ""client_capacity"": 0, ""client_input"": 0, ""deadline"": 0, ""not_leader"": 0, ""protocol"": 0, ""read_apply_unconfirmed"": 0, ""read_quorum_unconfirmed"": 0, ""rpc_status"": 0, ""success"": 0}",0.23361631093809296,1.0935915753384473
0,1,batch64-r100,redis,combined,read+write,389491,24927424,389491,38949.02105812412,38949.02105812412,2492737.3477199436,2492737.3477199436,24.519799499860074,24.064,24.319,25.344,25.599,31.232,31.487,"{""read_failure"": 0, ""success"": 389491, ""unknown_write"": 0}","{""data_integrity"": 0, ""deadline"": 0, ""io"": 0, ""protocol"": 0, ""server_error"": 0, ""success"": 389491}",0.7654749453267241,0.26454648664527036
0,1,batch64-r100,redis,mget,mget,389491,24927424,389491,38949.02105812412,38949.02105812412,2492737.3477199436,2492737.3477199436,24.519799499860074,24.064,24.319,25.344,25.599,31.232,31.487,"{""read_failure"": 0, ""success"": 389491, ""unknown_write"": 0}","{""data_integrity"": 0, ""deadline"": 0, ""io"": 0, ""protocol"": 0, ""server_error"": 0, ""success"": 389491}",0.7654749453267241,0.26454648664527036
0,1,batch64-r100,redis,mset,mset,0,0,0,0.0,0.0,0.0,0.0,,,,,,,,"{""read_failure"": 0, ""success"": 0, ""unknown_write"": 0}","{""data_integrity"": 0, ""deadline"": 0, ""io"": 0, ""protocol"": 0, ""server_error"": 0, ""success"": 0}",0.7654749453267241,0.26454648664527036
0,64,point-r000,old,combined,read+write,1177575,1177575,1177575,117753.13405527332,117753.13405527332,117753.13405527332,117753.13405527332,543.3807414338789,520.192,524.287,737.28,745.471,868.352,876.543,"{""client_rejected"": 0, ""read_failure"": 0, ""refused"": 0, ""success"": 1177575, ""unknown_write"": 0}","{""admission_bytes"": 0, ""admission_count"": 0, ""admission_oversize"": 0, ""client_capacity"": 0, ""client_input"": 0, ""deadline"": 0, ""not_leader"": 0, ""protocol"": 0, ""read_apply_unconfirmed"": 0, ""read_quorum_unconfirmed"": 0, ""rpc_status"": 0, ""success"": 1177575}",0.36718533919328394,3.540368574450793
0,64,point-r000,old,get,get,0,0,0,0.0,0.0,0.0,0.0,,,,,,,,"{""client_rejected"": 0, ""read_failure"": 0, ""refused"": 0, ""success"": 0, ""unknown_write"": 0}","{""admission_bytes"": 0, ""admission_count"": 0, ""admission_oversize"": 0, ""client_capacity"": 0, ""client_input"": 0, ""deadline"": 0, ""not_leader"": 0, ""protocol"": 0, ""read_apply_unconfirmed"": 0, ""read_quorum_unconfirmed"": 0, ""rpc_status"": 0, ""success"": 0}",0.36718533919328394,3.540368574450793
0,64,point-r000,old,put,put,1177575,1177575,1177575,117753.13405527332,117753.13405527332,117753.13405527332,117753.13405527332,543.3807414338789,520.192,524.287,737.28,745.471,868.352,876.543,"{""client_rejected"": 0, ""read_failure"": 0, ""refused"": 0, ""success"": 1177575, ""unknown_write"": 0}","{""admission_bytes"": 0, ""admission_count"": 0, ""admission_oversize"": 0, ""client_capacity"": 0, ""client_input"": 0, ""deadline"": 0, ""not_leader"": 0, ""protocol"": 0, ""read_apply_unconfirmed"": 0, ""read_quorum_unconfirmed"": 0, ""rpc_status"": 0, ""success"": 1177575}",0.36718533919328394,3.540368574450793
0,64,point-r000,new,combined,read+write,1182012,1182012,1182012,118196.15100319799,118196.15100319799,118196.15100319799,118196.15100319799,541.3455501162425,516.096,520.191,737.28,745.471,868.352,876.543,"{""client_rejected"": 0, ""read_failure"": 0, ""refused"": 0, ""success"": 1182012, ""unknown_write"": 0}","{""admission_bytes"": 0, ""admission_count"": 0, ""admission_oversize"": 0, ""client_capacity"": 0, ""client_input"": 0, ""deadline"": 0, ""not_leader"": 0, ""protocol"": 0, ""read_apply_unconfirmed"": 0, ""read_quorum_unconfirmed"": 0, ""rpc_status"": 0, ""success"": 1182012}",0.36780393305442405,3.5368884290117775
0,64,point-r000,new,get,get,0,0,0,0.0,0.0,0.0,0.0,,,,,,,,"{""client_rejected"": 0, ""read_failure"": 0, ""refused"": 0, ""success"": 0, ""unknown_write"": 0}","{""admission_bytes"": 0, ""admission_count"": 0, ""admission_oversize"": 0, ""client_capacity"": 0, ""client_input"": 0, ""deadline"": 0, ""not_leader"": 0, ""protocol"": 0, ""read_apply_unconfirmed"": 0, ""read_quorum_unconfirmed"": 0, ""rpc_status"": 0, ""success"": 0}",0.36780393305442405,3.5368884290117775
0,64,point-r000,new,put,put,1182012,1182012,1182012,118196.15100319799,118196.15100319799,118196.15100319799,118196.15100319799,541.3455501162425,516.096,520.191,737.28,745.471,868.352,876.543,"{""client_rejected"": 0, ""read_failure"": 0, ""refused"": 0, ""success"": 1182012, ""unknown_write"": 0}","{""admission_bytes"": 0, ""admission_count"": 0, ""admission_oversize"": 0, ""client_capacity"": 0, ""client_input"": 0, ""deadline"": 0, ""not_leader"": 0, ""protocol"": 0, ""read_apply_unconfirmed"": 0, ""read_quorum_unconfirmed"": 0, ""rpc_status"": 0, ""success"": 1182012}",0.36780393305442405,3.5368884290117775
0,64,point-r000,redis,combined,read+write,4930518,4930518,4930518,493041.76191624824,493041.76191624824,493041.76191624824,493041.76191624824,129.6487088275512,121.856,122.879,163.84,165.887,235.52,237.567,"{""read_failure"": 0, ""success"": 4930518, ""unknown_write"": 0}","{""data_integrity"": 0, ""deadline"": 0, ""io"": 0, ""protocol"": 0, ""server_error"": 0, ""success"": 4930518}",1.4502226154778841,0.9969519698998186
0,64,point-r000,redis,get,get,0,0,0,0.0,0.0,0.0,0.0,,,,,,,,"{""read_failure"": 0, ""success"": 0, ""unknown_write"": 0}","{""data_integrity"": 0, ""deadline"": 0, ""io"": 0, ""protocol"": 0, ""server_error"": 0, ""success"": 0}",1.4502226154778841,0.9969519698998186
0,64,point-r000,redis,set,set,4930518,4930518,4930518,493041.76191624824,493041.76191624824,493041.76191624824,493041.76191624824,129.6487088275512,121.856,122.879,163.84,165.887,235.52,237.567,"{""read_failure"": 0, ""success"": 4930518, ""unknown_write"": 0}","{""data_integrity"": 0, ""deadline"": 0, ""io"": 0, ""protocol"": 0, ""server_error"": 0, ""success"": 4930518}",1.4502226154778841,0.9969519698998186
0,64,point-r050,old,combined,read+write,1651836,1651836,1651836,165178.20600657593,165178.20600657593,165178.20600657593,165178.20600657593,387.3165624789628,368.64,372.735,540.672,548.863,638.976,647.167,"{""client_rejected"": 0, ""read_failure"": 0, ""refused"": 0, ""success"": 1651836, ""unknown_write"": 0}","{""admission_bytes"": 0, ""admission_count"": 0, ""admission_oversize"": 0, ""client_capacity"": 0, ""client_input"": 0, ""deadline"": 0, ""not_leader"": 0, ""protocol"": 0, ""read_apply_unconfirmed"": 0, ""read_quorum_unconfirmed"": 0, ""rpc_status"": 0, ""success"": 1651836}",0.542630138100981,3.4881899715779228
0,64,point-r050,old,get,get,824842,824842,824842,82481.50651691579,82481.50651691579,82481.50651691579,82481.50651691579,399.909138097963,380.928,385.023,557.056,565.247,655.36,663.551,"{""client_rejected"": 0, ""read_failure"": 0, ""refused"": 0, ""success"": 824842, ""unknown_write"": 0}","{""admission_bytes"": 0, ""admission_count"": 0, ""admission_oversize"": 0, ""client_capacity"": 0, ""client_input"": 0, ""deadline"": 0, ""not_leader"": 0, ""protocol"": 0, ""read_apply_unconfirmed"": 0, ""read_quorum_unconfirmed"": 0, ""rpc_status"": 0, ""success"": 824842}",0.542630138100981,3.4881899715779228
0,64,point-r050,old,put,put,826994,826994,826994,82696.69948966014,82696.69948966014,82696.69948966014,82696.69948966014,374.75675520257704,356.352,360.447,524.288,532.479,622.592,630.783,"{""client_rejected"": 0, ""read_failure"": 0, ""refused"": 0, ""success"": 826994, ""unknown_write"": 0}","{""admission_bytes"": 0, ""admission_count"": 0, ""admission_oversize"": 0, ""client_capacity"": 0, ""client_input"": 0, ""deadline"": 0, ""not_leader"": 0, ""protocol"": 0, ""read_apply_unconfirmed"": 0, ""read_quorum_unconfirmed"": 0, ""rpc_status"": 0, ""success"": 826994}",0.542630138100981,3.4881899715779228
0,64,point-r050,new,combined,read+write,1674216,1674216,1674216,167417.03212672865,167417.03212672865,167417.03212672865,167417.03212672865,382.14046806385795,364.544,368.639,548.864,557.055,647.168,655.359,"{""client_rejected"": 0, ""read_failure"": 0, ""refused"": 0, ""success"": 1674216, ""unknown_write"": 0}","{""admission_bytes"": 0, ""admission_count"": 0, ""admission_oversize"": 0, ""client_capacity"": 0, ""client_input"": 0, ""deadline"": 0, ""not_leader"": 0, ""protocol"": 0, ""read_apply_unconfirmed"": 0, ""read_quorum_unconfirmed"": 0, ""rpc_status"": 0, ""success"": 1674216}",0.5527235623775009,3.4790683233166453
0,64,point-r050,new,get,get,836170,836170,836170,83614.71862257122,83614.71862257122,83614.71862257122,83614.71862257122,419.01948961694393,405.504,409.599,581.632,589.823,679.936,688.127,"{""client_rejected"": 0, ""read_failure"": 0, ""refused"": 0, ""success"": 836170, ""unknown_write"": 0}","{""admission_bytes"": 0, ""admission_count"": 0, ""admission_oversize"": 0, ""client_capacity"": 0, ""client_input"": 0, ""deadline"": 0, ""not_leader"": 0, ""protocol"": 0, ""read_apply_unconfirmed"": 0, ""read_quorum_unconfirmed"": 0, ""rpc_status"": 0, ""success"": 836170}",0.5527235623775009,3.4790683233166453
0,64,point-r050,new,put,put,838046,838046,838046,83802.31350415743,83802.31350415743,83802.31350415743,83802.31350415743,345.3440016979975,331.776,335.871,479.232,483.327,573.44,581.631,"{""client_rejected"": 0, ""read_failure"": 0, ""refused"": 0, ""success"": 838046, ""unknown_write"": 0}","{""admission_bytes"": 0, ""admission_count"": 0, ""admission_oversize"": 0, ""client_capacity"": 0, ""client_input"": 0, ""deadline"": 0, ""not_leader"": 0, ""protocol"": 0, ""read_apply_unconfirmed"": 0, ""read_quorum_unconfirmed"": 0, ""rpc_status"": 0, ""success"": 838046}",0.5527235623775009,3.4790683233166453
0,64,point-r050,redis,combined,read+write,5028030,5028030,5028030,502789.7266026125,502789.7266026125,502789.7266026125,502789.7266026125,127.15339436419433,119.808,120.831,163.84,165.887,233.472,235.519,"{""read_failure"": 0, ""success"": 5028030, ""unknown_write"": 0}","{""data_integrity"": 0, ""deadline"": 0, ""io"": 0, ""protocol"": 0, ""server_error"": 0, ""success"": 5028030}",1.4623195361749408,0.9979659964585689
0,64,point-r050,redis,get,get,2513068,2513068,2513068,251300.16580127293,251300.16580127293,251300.16580127293,251300.16580127293,127.14804206014321,119.808,120.831,163.84,165.887,233.472,235.519,"{""read_failure"": 0, ""success"": 2513068, ""unknown_write"": 0}","{""data_integrity"": 0, ""deadline"": 0, ""io"": 0, ""protocol"": 0, ""server_error"": 0, ""success"": 2513068}",1.4623195361749408,0.9979659964585689
0,64,point-r050,redis,set,set,2514962,2514962,2514962,251489.56080133963,251489.56080133963,251489.56080133963,251489.56080133963,127.1587426374633,119.808,120.831,163.84,165.887,233.472,235.519,"{""read_failure"": 0, ""success"": 2514962, ""unknown_write"": 0}","{""data_integrity"": 0, ""deadline"": 0, ""io"": 0, ""protocol"": 0, ""server_error"": 0, ""success"": 2514962}",1.4623195361749408,0.9979659964585689
0,64,point-r100,old,combined,read+write,3463457,3463457,3463457,346341.01580702944,346341.01580702944,346341.01580702944,346341.01580702944,184.66366956396456,172.032,174.079,278.528,282.623,352.256,356.351,"{""client_rejected"": 0, ""read_failure"": 0, ""refused"": 0, ""success"": 3463457, ""unknown_write"": 0}","{""admission_bytes"": 0, ""admission_count"": 0, ""admission_oversize"": 0, ""client_capacity"": 0, ""client_input"": 0, ""deadline"": 0, ""not_leader"": 0, ""protocol"": 0, ""read_apply_unconfirmed"": 0, ""read_quorum_unconfirmed"": 0, ""rpc_status"": 0, ""success"": 3463457}",1.074207237596092,3.0249034114021196
0,64,point-r100,old,get,get,3463457,3463457,3463457,346341.01580702944,346341.01580702944,346341.01580702944,346341.01580702944,184.66366956396456,172.032,174.079,278.528,282.623,352.256,356.351,"{""client_rejected"": 0, ""read_failure"": 0, ""refused"": 0, ""success"": 3463457, ""unknown_write"": 0}","{""admission_bytes"": 0, ""admission_count"": 0, ""admission_oversize"": 0, ""client_capacity"": 0, ""client_input"": 0, ""deadline"": 0, ""not_leader"": 0, ""protocol"": 0, ""read_apply_unconfirmed"": 0, ""read_quorum_unconfirmed"": 0, ""rpc_status"": 0, ""success"": 3463457}",1.074207237596092,3.0249034114021196
0,64,point-r100,old,put,put,0,0,0,0.0,0.0,0.0,0.0,,,,,,,,"{""client_rejected"": 0, ""read_failure"": 0, ""refused"": 0, ""success"": 0, ""unknown_write"": 0}","{""admission_bytes"": 0, ""admission_count"": 0, ""admission_oversize"": 0, ""client_capacity"": 0, ""client_input"": 0, ""deadline"": 0, ""not_leader"": 0, ""protocol"": 0, ""read_apply_unconfirmed"": 0, ""read_quorum_unconfirmed"": 0, ""rpc_status"": 0, ""success"": 0}",1.074207237596092,3.0249034114021196
0,64,point-r100,new,combined,read+write,3748861,3748861,3748861,374878.84410750866,374878.84410750866,374878.84410750866,374878.84410750866,170.60078859312202,165.888,167.935,237.568,239.615,299.008,303.103,"{""client_rejected"": 0, ""read_failure"": 0, ""refused"": 0, ""success"": 3748861, ""unknown_write"": 0}","{""admission_bytes"": 0, ""admission_count"": 0, ""admission_oversize"": 0, ""client_capacity"": 0, ""client_input"": 0, ""deadline"": 0, ""not_leader"": 0, ""protocol"": 0, ""read_apply_unconfirmed"": 0, ""read_quorum_unconfirmed"": 0, ""rpc_status"": 0, ""success"": 3748861}",1.1771370440015616,2.8025836445099315
0,64,point-r100,new,get,get,3748861,3748861,3748861,374878.84410750866,374878.84410750866,374878.84410750866,374878.84410750866,170.60078859312202,165.888,167.935,237.568,239.615,299.008,303.103,"{""client_rejected"": 0, ""read_failure"": 0, ""refused"": 0, ""success"": 3748861, ""unknown_write"": 0}","{""admission_bytes"": 0, ""admission_count"": 0, ""admission_oversize"": 0, ""client_capacity"": 0, ""client_input"": 0, ""deadline"": 0, ""not_leader"": 0, ""protocol"": 0, ""read_apply_unconfirmed"": 0, ""read_quorum_unconfirmed"": 0, ""rpc_status"": 0, ""success"": 3748861}",1.1771370440015616,2.8025836445099315
0,64,point-r100,new,put,put,0,0,0,0.0,0.0,0.0,0.0,,,,,,,,"{""client_rejected"": 0, ""read_failure"": 0, ""refused"": 0, ""success"": 0, ""unknown_write"": 0}","{""admission_bytes"": 0, ""admission_count"": 0, ""admission_oversize"": 0, ""client_capacity"": 0, ""client_input"": 0, ""deadline"": 0, ""not_leader"": 0, ""protocol"": 0, ""read_apply_unconfirmed"": 0, ""read_quorum_unconfirmed"": 0, ""rpc_status"": 0, ""success"": 0}",1.1771370440015616,2.8025836445099315
0,64,point-r100,redis,combined,read+write,5154196,5154196,5154196,515406.21587984543,515406.21587984543,515406.21587984543,515406.21587984543,124.06642909699204,117.76,118.783,153.6,155.647,231.424,233.471,"{""read_failure"": 0, ""success"": 5154196, ""unknown_write"": 0}","{""data_integrity"": 0, ""deadline"": 0, ""io"": 0, ""protocol"": 0, ""server_error"": 0, ""success"": 5154196}",1.4744612781722848,0.9987795231061026
0,64,point-r100,redis,get,get,5154196,5154196,5154196,515406.21587984543,515406.21587984543,515406.21587984543,515406.21587984543,124.06642909699204,117.76,118.783,153.6,155.647,231.424,233.471,"{""read_failure"": 0, ""success"": 5154196, ""unknown_write"": 0}","{""data_integrity"": 0, ""deadline"": 0, ""io"": 0, ""protocol"": 0, ""server_error"": 0, ""success"": 5154196}",1.4744612781722848,0.9987795231061026
0,64,point-r100,redis,set,set,0,0,0,0.0,0.0,0.0,0.0,,,,,,,,"{""read_failure"": 0, ""success"": 0, ""unknown_write"": 0}","{""data_integrity"": 0, ""deadline"": 0, ""io"": 0, ""protocol"": 0, ""server_error"": 0, ""success"": 0}",1.4744612781722848,0.9987795231061026
0,64,batch64-r000,old,combined,read+write,97754,6256256,97754,9772.392185703578,9772.392185703578,625433.099885029,625433.099885029,6547.027562984636,6291.456,6356.991,9043.968,9175.039,12058.624,12189.695,"{""client_rejected"": 0, ""read_failure"": 0, ""refused"": 0, ""success"": 97754, ""unknown_write"": 0}","{""admission_bytes"": 0, ""admission_count"": 0, ""admission_oversize"": 0, ""client_capacity"": 0, ""client_input"": 0, ""deadline"": 0, ""not_leader"": 0, ""protocol"": 0, ""read_apply_unconfirmed"": 0, ""read_quorum_unconfirmed"": 0, ""rpc_status"": 0, ""success"": 97754}",0.30668641480220016,3.3143161637105534
0,64,batch64-r000,old,batch_get,batch_get,0,0,0,0.0,0.0,0.0,0.0,,,,,,,,"{""client_rejected"": 0, ""read_failure"": 0, ""refused"": 0, ""success"": 0, ""unknown_write"": 0}","{""admission_bytes"": 0, ""admission_count"": 0, ""admission_oversize"": 0, ""client_capacity"": 0, ""client_input"": 0, ""deadline"": 0, ""not_leader"": 0, ""protocol"": 0, ""read_apply_unconfirmed"": 0, ""read_quorum_unconfirmed"": 0, ""rpc_status"": 0, ""success"": 0}",0.30668641480220016,3.3143161637105534
0,64,batch64-r000,old,batch_put,batch_put,97754,6256256,97754,9772.392185703578,9772.392185703578,625433.099885029,625433.099885029,6547.027562984636,6291.456,6356.991,9043.968,9175.039,12058.624,12189.695,"{""client_rejected"": 0, ""read_failure"": 0, ""refused"": 0, ""success"": 97754, ""unknown_write"": 0}","{""admission_bytes"": 0, ""admission_count"": 0, ""admission_oversize"": 0, ""client_capacity"": 0, ""client_input"": 0, ""deadline"": 0, ""not_leader"": 0, ""protocol"": 0, ""read_apply_unconfirmed"": 0, ""read_quorum_unconfirmed"": 0, ""rpc_status"": 0, ""success"": 97754}",0.30668641480220016,3.3143161637105534
0,64,batch64-r000,new,combined,read+write,98089,6277696,98089,9803.617198327467,9803.617198327467,627431.5006929579,627431.5006929579,6526.184341139169,6225.92,6291.455,9175.04,9306.111,12189.696,12320.767,"{""client_rejected"": 0, ""read_failure"": 0, ""refused"": 0, ""success"": 98089, ""unknown_write"": 0}","{""admission_bytes"": 0, ""admission_count"": 0, ""admission_oversize"": 0, ""client_capacity"": 0, ""client_input"": 0, ""deadline"": 0, ""not_leader"": 0, ""protocol"": 0, ""read_apply_unconfirmed"": 0, ""read_quorum_unconfirmed"": 0, ""rpc_status"": 0, ""success"": 98089}",0.30438037592664025,3.3018563805259507
0,64,batch64-r000,new,batch_get,batch_get,0,0,0,0.0,0.0,0.0,0.0,,,,,,,,"{""client_rejected"": 0, ""read_failure"": 0, ""refused"": 0, ""success"": 0, ""unknown_write"": 0}","{""admission_bytes"": 0, ""admission_count"": 0, ""admission_oversize"": 0, ""client_capacity"": 0, ""client_input"": 0, ""deadline"": 0, ""not_leader"": 0, ""protocol"": 0, ""read_apply_unconfirmed"": 0, ""read_quorum_unconfirmed"": 0, ""rpc_status"": 0, ""success"": 0}",0.30438037592664025,3.3018563805259507
0,64,batch64-r000,new,batch_put,batch_put,98089,6277696,98089,9803.617198327467,9803.617198327467,627431.5006929579,627431.5006929579,6526.184341139169,6225.92,6291.455,9175.04,9306.111,12189.696,12320.767,"{""client_rejected"": 0, ""read_failure"": 0, ""refused"": 0, ""success"": 98089, ""unknown_write"": 0}","{""admission_bytes"": 0, ""admission_count"": 0, ""admission_oversize"": 0, ""client_capacity"": 0, ""client_input"": 0, ""deadline"": 0, ""not_leader"": 0, ""protocol"": 0, ""read_apply_unconfirmed"": 0, ""read_quorum_unconfirmed"": 0, ""rpc_status"": 0, ""success"": 98089}",0.30438037592664025,3.3018563805259507
0,64,batch64-r000,redis,combined,read+write,947329,60629056,947329,94730.04485539407,94730.04485539407,6062722.87074522,6062722.87074522,670.8211463778687,679.936,688.127,958.464,966.655,1015.808,1023.999,"{""read_failure"": 0, ""success"": 947329, ""unknown_write"": 0}","{""data_integrity"": 0, ""deadline"": 0, ""io"": 0, ""protocol"": 0, ""server_error"": 0, ""success"": 947329}",1.9200902302633698,0.9017713649036243
0,64,batch64-r000,redis,mget,mget,0,0,0,0.0,0.0,0.0,0.0,,,,,,,,"{""read_failure"": 0, ""success"": 0, ""unknown_write"": 0}","{""data_integrity"": 0, ""deadline"": 0, ""io"": 0, ""protocol"": 0, ""server_error"": 0, ""success"": 0}",1.9200902302633698,0.9017713649036243
0,64,batch64-r000,redis,mset,mset,947329,60629056,947329,94730.04485539407,94730.04485539407,6062722.87074522,6062722.87074522,670.8211463778687,679.936,688.127,958.464,966.655,1015.808,1023.999,"{""read_failure"": 0, ""success"": 947329, ""unknown_write"": 0}","{""data_integrity"": 0, ""deadline"": 0, ""io"": 0, ""protocol"": 0, ""server_error"": 0, ""success"": 947329}",1.9200902302633698,0.9017713649036243
0,64,batch64-r050,old,combined,read+write,154379,9880256,154379,15433.349569479537,15433.349569479537,987734.3724466903,987734.3724466903,4143.186616107113,3964.928,3997.695,6225.92,6291.455,7602.176,7667.711,"{""client_rejected"": 0, ""read_failure"": 0, ""refused"": 0, ""success"": 154379, ""unknown_write"": 0}","{""admission_bytes"": 0, ""admission_count"": 0, ""admission_oversize"": 0, ""client_capacity"": 0, ""client_input"": 0, ""deadline"": 0, ""not_leader"": 0, ""protocol"": 0, ""read_apply_unconfirmed"": 0, ""read_quorum_unconfirmed"": 0, ""rpc_status"": 0, ""success"": 154379}",0.45311603229621067,3.062357813873468
0,64,batch64-r050,old,batch_get,batch_get,77229,4942656,77229,7720.6236204492525,7720.6236204492525,494119.91170875216,494119.91170875216,4328.706201193852,4161.536,4194.303,6488.064,6553.599,7733.248,7798.783,"{""client_rejected"": 0, ""read_failure"": 0, ""refused"": 0, ""success"": 77229, ""unknown_write"": 0}","{""admission_bytes"": 0, ""admission_count"": 0, ""admission_oversize"": 0, ""client_capacity"": 0, ""client_input"": 0, ""deadline"": 0, ""not_leader"": 0, ""protocol"": 0, ""read_apply_unconfirmed"": 0, ""read_quorum_unconfirmed"": 0, ""rpc_status"": 0, ""success"": 77229}",0.45311603229621067,3.062357813873468
0,64,batch64-r050,old,batch_put,batch_put,77150,4937600,77150,7712.725949030284,7712.725949030284,493614.4607379382,493614.4607379382,3957.4770628127026,3768.32,3801.087,5898.24,5963.775,7274.496,7340.031,"{""client_rejected"": 0, ""read_failure"": 0, ""refused"": 0, ""success"": 77150, ""unknown_write"": 0}","{""admission_bytes"": 0, ""admission_count"": 0, ""admission_oversize"": 0, ""client_capacity"": 0, ""client_input"": 0, ""deadline"": 0, ""not_leader"": 0, ""protocol"": 0, ""read_apply_unconfirmed"": 0, ""read_quorum_unconfirmed"": 0, ""rpc_status"": 0, ""success"": 77150}",0.45311603229621067,3.062357813873468
0,64,batch64-r050,new,combined,read+write,154599,9894336,154599,15454.550591222,15454.550591222,989091.237838208,989091.237838208,4137.156185285804,3899.392,3932.159,6422.528,6488.063,8257.536,8323.071,"{""client_rejected"": 0, ""read_failure"": 0, ""refused"": 0, ""success"": 154599, ""unknown_write"": 0}","{""admission_bytes"": 0, ""admission_count"": 0, ""admission_oversize"": 0, ""client_capacity"": 0, ""client_input"": 0, ""deadline"": 0, ""not_leader"": 0, ""protocol"": 0, ""read_apply_unconfirmed"": 0, ""read_quorum_unconfirmed"": 0, ""rpc_status"": 0, ""success"": 154599}",0.4538442124317613,3.05344876110784
0,64,batch64-r050,new,batch_get,batch_get,77335,4949440,77335,7730.82406724593,7730.82406724593,494772.7403037395,494772.7403037395,4466.8978003103375,4259.84,4325.375,6750.208,6815.743,8650.752,8781.823,"{""client_rejected"": 0, ""read_failure"": 0, ""refused"": 0, ""success"": 77335, ""unknown_write"": 0}","{""admission_bytes"": 0, ""admission_count"": 0, ""admission_oversize"": 0, ""client_capacity"": 0, ""client_input"": 0, ""deadline"": 0, ""not_leader"": 0, ""protocol"": 0, ""read_apply_unconfirmed"": 0, ""read_quorum_unconfirmed"": 0, ""rpc_status"": 0, ""success"": 77335}",0.4538442124317613,3.05344876110784
0,64,batch64-r050,new,batch_put,batch_put,77264,4944896,77264,7723.726523976071,7723.726523976071,494318.49753446854,494318.49753446854,3807.1115616846137,3604.48,3637.247,5898.24,5963.775,7733.248,7798.783,"{""client_rejected"": 0, ""read_failure"": 0, ""refused"": 0, ""success"": 77264, ""unknown_write"": 0}","{""admission_bytes"": 0, ""admission_count"": 0, ""admission_oversize"": 0, ""client_capacity"": 0, ""client_input"": 0, ""deadline"": 0, ""not_leader"": 0, ""protocol"": 0, ""read_apply_unconfirmed"": 0, ""read_quorum_unconfirmed"": 0, ""rpc_status"": 0, ""success"": 77264}",0.4538442124317613,3.05344876110784
0,64,batch64-r050,redis,combined,read+write,899490,57567360,899490,89944.07891659345,89944.07891659345,5756421.050661981,5756421.050661981,707.5970318291476,720.896,729.087,1015.808,1023.999,1081.344,1097.727,"{""read_failure"": 0, ""success"": 899490, ""unknown_write"": 0}","{""data_integrity"": 0, ""deadline"": 0, ""io"": 0, ""protocol"": 0, ""server_error"": 0, ""success"": 899490}",1.9540605798897783,0.7494639330373443
0,64,batch64-r050,redis,mget,mget,448978,28734592,448978,44895.343654531236,44895.343654531236,2873301.993889999,2873301.993889999,709.6544997728174,729.088,737.279,1024.0,1032.191,1081.344,1097.727,"{""read_failure"": 0, ""success"": 448978, ""unknown_write"": 0}","{""data_integrity"": 0, ""deadline"": 0, ""io"": 0, ""protocol"": 0, ""server_error"": 0, ""success"": 448978}",1.9540605798897783,0.7494639330373443
0,64,batch64-r050,redis,mset,mset,450512,28832768,450512,45048.735262062226,45048.735262062226,2883119.0567719825,2883119.0567719825,705.5465695941507,720.896,729.087,1015.808,1023.999,1081.344,1097.727,"{""read_failure"": 0, ""success"": 450512, ""unknown_write"": 0}","{""data_integrity"": 0, ""deadline"": 0, ""io"": 0, ""protocol"": 0, ""server_error"": 0, ""success"": 450512}",1.9540605798897783,0.7494639330373443
0,64,batch64-r100,old,combined,read+write,350775,22449600,350775,35070.64908898306,35070.64908898306,2244521.541694916,2244521.541694916,1819.5675555954672,1835.008,1851.391,2621.44,2654.207,3014.656,3047.423,"{""client_rejected"": 0, ""read_failure"": 0, ""refused"": 0, ""success"": 350775, ""unknown_write"": 0}","{""admission_bytes"": 0, ""admission_count"": 0, ""admission_oversize"": 0, ""client_capacity"": 0, ""client_input"": 0, ""deadline"": 0, ""not_leader"": 0, ""protocol"": 0, ""read_apply_unconfirmed"": 0, ""read_quorum_unconfirmed"": 0, ""rpc_status"": 0, ""success"": 350775}",0.9776214737687927,2.2083341764850837
0,64,batch64-r100,old,batch_get,batch_get,350775,22449600,350775,35070.64908898306,35070.64908898306,2244521.541694916,2244521.541694916,1819.5675555954672,1835.008,1851.391,2621.44,2654.207,3014.656,3047.423,"{""client_rejected"": 0, ""read_failure"": 0, ""refused"": 0, ""success"": 350775, ""unknown_write"": 0}","{""admission_bytes"": 0, ""admission_count"": 0, ""admission_oversize"": 0, ""client_capacity"": 0, ""client_input"": 0, ""deadline"": 0, ""not_leader"": 0, ""protocol"": 0, ""read_apply_unconfirmed"": 0, ""read_quorum_unconfirmed"": 0, ""rpc_status"": 0, ""success"": 350775}",0.9776214737687927,2.2083341764850837
0,64,batch64-r100,old,batch_put,batch_put,0,0,0,0.0,0.0,0.0,0.0,,,,,,,,"{""client_rejected"": 0, ""read_failure"": 0, ""refused"": 0, ""success"": 0, ""unknown_write"": 0}","{""admission_bytes"": 0, ""admission_count"": 0, ""admission_oversize"": 0, ""client_capacity"": 0, ""client_input"": 0, ""deadline"": 0, ""not_leader"": 0, ""protocol"": 0, ""read_apply_unconfirmed"": 0, ""read_quorum_unconfirmed"": 0, ""rpc_status"": 0, ""success"": 0}",0.9776214737687927,2.2083341764850837
0,64,batch64-r100,new,combined,read+write,361848,23158272,361848,36179.09777622039,36179.09777622039,2315462.257678105,2315462.257678105,1763.7430967699145,1769.472,1785.855,2555.904,2588.671,2981.888,3014.655,"{""client_rejected"": 0, ""read_failure"": 0, ""refused"": 0, ""success"": 361848, ""unknown_write"": 0}","{""admission_bytes"": 0, ""admission_count"": 0, ""admission_oversize"": 0, ""client_capacity"": 0, ""client_input"": 0, ""deadline"": 0, ""not_leader"": 0, ""protocol"": 0, ""read_apply_unconfirmed"": 0, ""read_quorum_unconfirmed"": 0, ""rpc_status"": 0, ""success"": 361848}",1.0032861687657548,2.15193835807001
0,64,batch64-r100,new,batch_get,batch_get,361848,23158272,361848,36179.09777622039,36179.09777622039,2315462.257678105,2315462.257678105,1763.7430967699145,1769.472,1785.855,2555.904,2588.671,2981.888,3014.655,"{""client_rejected"": 0, ""read_failure"": 0, ""refused"": 0, ""success"": 361848, ""unknown_write"": 0}","{""admission_bytes"": 0, ""admission_count"": 0, ""admission_oversize"": 0, ""client_capacity"": 0, ""client_input"": 0, ""deadline"": 0, ""not_leader"": 0, ""protocol"": 0, ""read_apply_unconfirmed"": 0, ""read_quorum_unconfirmed"": 0, ""rpc_status"": 0, ""success"": 361848}",1.0032861687657548,2.15193835807001
0,64,batch64-r100,new,batch_put,batch_put,0,0,0,0.0,0.0,0.0,0.0,,,,,,,,"{""client_rejected"": 0, ""read_failure"": 0, ""refused"": 0, ""success"": 0, ""unknown_write"": 0}","{""admission_bytes"": 0, ""admission_count"": 0, ""admission_oversize"": 0, ""client_capacity"": 0, ""client_input"": 0, ""deadline"": 0, ""not_leader"": 0, ""protocol"": 0, ""read_apply_unconfirmed"": 0, ""read_quorum_unconfirmed"": 0, ""rpc_status"": 0, ""success"": 0}",1.0032861687657548,2.15193835807001
0,64,batch64-r100,redis,combined,read+write,931083,59589312,931083,93102.57359586739,93102.57359586739,5958564.710135513,5958564.710135513,685.3996911145408,712.704,720.895,983.04,991.231,1032.192,1040.383,"{""read_failure"": 0, ""success"": 931083, ""unknown_write"": 0}","{""data_integrity"": 0, ""deadline"": 0, ""io"": 0, ""protocol"": 0, ""server_error"": 0, ""success"": 931083}",1.992372597574577,0.619617008199662
0,64,batch64-r100,redis,mget,mget,931083,59589312,931083,93102.57359586739,93102.57359586739,5958564.710135513,5958564.710135513,685.3996911145408,712.704,720.895,983.04,991.231,1032.192,1040.383,"{""read_failure"": 0, ""success"": 931083, ""unknown_write"": 0}","{""data_integrity"": 0, ""deadline"": 0, ""io"": 0, ""protocol"": 0, ""server_error"": 0, ""success"": 931083}",1.992372597574577,0.619617008199662
0,64,batch64-r100,redis,mset,mset,0,0,0,0.0,0.0,0.0,0.0,,,,,,,,"{""read_failure"": 0, ""success"": 0, ""unknown_write"": 0}","{""data_integrity"": 0, ""deadline"": 0, ""io"": 0, ""protocol"": 0, ""server_error"": 0, ""success"": 0}",1.992372597574577,0.619617008199662
1,64,batch64-r100,redis,combined,read+write,923894,59129216,923894,92383.45481057919,92383.45481057919,5912541.107877068,5912541.107877068,690.7603602253073,712.704,720.895,991.232,999.423,1048.576,1064.959,"{""read_failure"": 0, ""success"": 923894, ""unknown_write"": 0}","{""data_integrity"": 0, ""deadline"": 0, ""io"": 0, ""protocol"": 0, ""server_error"": 0, ""success"": 923894}",1.9946185272361152,0.6106962494441317
1,64,batch64-r100,redis,mget,mget,923894,59129216,923894,92383.45481057919,92383.45481057919,5912541.107877068,5912541.107877068,690.7603602253073,712.704,720.895,991.232,999.423,1048.576,1064.959,"{""read_failure"": 0, ""success"": 923894, ""unknown_write"": 0}","{""data_integrity"": 0, ""deadline"": 0, ""io"": 0, ""protocol"": 0, ""server_error"": 0, ""success"": 923894}",1.9946185272361152,0.6106962494441317
1,64,batch64-r100,redis,mset,mset,0,0,0,0.0,0.0,0.0,0.0,,,,,,,,"{""read_failure"": 0, ""success"": 0, ""unknown_write"": 0}","{""data_integrity"": 0, ""deadline"": 0, ""io"": 0, ""protocol"": 0, ""server_error"": 0, ""success"": 0}",1.9946185272361152,0.6106962494441317
1,64,batch64-r100,new,combined,read+write,363056,23235584,363056,36300.44519158101,36300.44519158101,2323228.492261185,2323228.492261185,1757.7730737764973,1769.472,1785.855,2523.136,2555.903,2949.12,2981.887,"{""client_rejected"": 0, ""read_failure"": 0, ""refused"": 0, ""success"": 363056, ""unknown_write"": 0}","{""admission_bytes"": 0, ""admission_count"": 0, ""admission_oversize"": 0, ""client_capacity"": 0, ""client_input"": 0, ""deadline"": 0, ""not_leader"": 0, ""protocol"": 0, ""read_apply_unconfirmed"": 0, ""read_quorum_unconfirmed"": 0, ""rpc_status"": 0, ""success"": 363056}",1.0072795789352302,2.152839263014795
1,64,batch64-r100,new,batch_get,batch_get,363056,23235584,363056,36300.44519158101,36300.44519158101,2323228.492261185,2323228.492261185,1757.7730737764973,1769.472,1785.855,2523.136,2555.903,2949.12,2981.887,"{""client_rejected"": 0, ""read_failure"": 0, ""refused"": 0, ""success"": 363056, ""unknown_write"": 0}","{""admission_bytes"": 0, ""admission_count"": 0, ""admission_oversize"": 0, ""client_capacity"": 0, ""client_input"": 0, ""deadline"": 0, ""not_leader"": 0, ""protocol"": 0, ""read_apply_unconfirmed"": 0, ""read_quorum_unconfirmed"": 0, ""rpc_status"": 0, ""success"": 363056}",1.0072795789352302,2.152839263014795
1,64,batch64-r100,new,batch_put,batch_put,0,0,0,0.0,0.0,0.0,0.0,,,,,,,,"{""client_rejected"": 0, ""read_failure"": 0, ""refused"": 0, ""success"": 0, ""unknown_write"": 0}","{""admission_bytes"": 0, ""admission_count"": 0, ""admission_oversize"": 0, ""client_capacity"": 0, ""client_input"": 0, ""deadline"": 0, ""not_leader"": 0, ""protocol"": 0, ""read_apply_unconfirmed"": 0, ""read_quorum_unconfirmed"": 0, ""rpc_status"": 0, ""success"": 0}",1.0072795789352302,2.152839263014795
1,64,batch64-r100,old,combined,read+write,351088,22469632,351088,35104.00128302461,35104.00128302461,2246656.082113575,2246656.082113575,1817.874898270519,1835.008,1851.391,2654.208,2686.975,3047.424,3080.191,"{""client_rejected"": 0, ""read_failure"": 0, ""refused"": 0, ""success"": 351088, ""unknown_write"": 0}","{""admission_bytes"": 0, ""admission_count"": 0, ""admission_oversize"": 0, ""client_capacity"": 0, ""client_input"": 0, ""deadline"": 0, ""not_leader"": 0, ""protocol"": 0, ""read_apply_unconfirmed"": 0, ""read_quorum_unconfirmed"": 0, ""rpc_status"": 0, ""success"": 351088}",0.9747219212122793,2.2016543113528266
1,64,batch64-r100,old,batch_get,batch_get,351088,22469632,351088,35104.00128302461,35104.00128302461,2246656.082113575,2246656.082113575,1817.874898270519,1835.008,1851.391,2654.208,2686.975,3047.424,3080.191,"{""client_rejected"": 0, ""read_failure"": 0, ""refused"": 0, ""success"": 351088, ""unknown_write"": 0}","{""admission_bytes"": 0, ""admission_count"": 0, ""admission_oversize"": 0, ""client_capacity"": 0, ""client_input"": 0, ""deadline"": 0, ""not_leader"": 0, ""protocol"": 0, ""read_apply_unconfirmed"": 0, ""read_quorum_unconfirmed"": 0, ""rpc_status"": 0, ""success"": 351088}",0.9747219212122793,2.2016543113528266
1,64,batch64-r100,old,batch_put,batch_put,0,0,0,0.0,0.0,0.0,0.0,,,,,,,,"{""client_rejected"": 0, ""read_failure"": 0, ""refused"": 0, ""success"": 0, ""unknown_write"": 0}","{""admission_bytes"": 0, ""admission_count"": 0, ""admission_oversize"": 0, ""client_capacity"": 0, ""client_input"": 0, ""deadline"": 0, ""not_leader"": 0, ""protocol"": 0, ""read_apply_unconfirmed"": 0, ""read_quorum_unconfirmed"": 0, ""rpc_status"": 0, ""success"": 0}",0.9747219212122793,2.2016543113528266
1,64,batch64-r050,redis,combined,read+write,904251,57872064,904251,90420.50405236773,90420.50405236773,5786912.259351535,5786912.259351535,703.8603191901364,720.896,729.087,1015.808,1023.999,1081.344,1097.727,"{""read_failure"": 0, ""success"": 904251, ""unknown_write"": 0}","{""data_integrity"": 0, ""deadline"": 0, ""io"": 0, ""protocol"": 0, ""server_error"": 0, ""success"": 904251}",1.9531586561237353,0.747402789277173
1,64,batch64-r050,redis,mget,mget,451333,28885312,451333,45131.00605414568,45131.00605414568,2888384.3874653233,2888384.3874653233,706.0591554151813,720.896,729.087,1015.808,1023.999,1081.344,1097.727,"{""read_failure"": 0, ""success"": 451333, ""unknown_write"": 0}","{""data_integrity"": 0, ""deadline"": 0, ""io"": 0, ""protocol"": 0, ""server_error"": 0, ""success"": 451333}",1.9531586561237353,0.747402789277173
1,64,batch64-r050,redis,mset,mset,452918,28986752,452918,45289.49799822205,45289.49799822205,2898527.871886211,2898527.871886211,701.669177857802,720.896,729.087,1007.616,1015.807,1064.96,1081.343,"{""read_failure"": 0, ""success"": 452918, ""unknown_write"": 0}","{""data_integrity"": 0, ""deadline"": 0, ""io"": 0, ""protocol"": 0, ""server_error"": 0, ""success"": 452918}",1.9531586561237353,0.747402789277173
1,64,batch64-r050,new,combined,read+write,152541,9762624,152541,15249.237696689603,15249.237696689603,975951.2125881346,975951.2125881346,4193.242549183498,3964.928,3997.695,6422.528,6488.063,8388.608,8519.679,"{""client_rejected"": 0, ""read_failure"": 0, ""refused"": 0, ""success"": 152541, ""unknown_write"": 0}","{""admission_bytes"": 0, ""admission_count"": 0, ""admission_oversize"": 0, ""client_capacity"": 0, ""client_input"": 0, ""deadline"": 0, ""not_leader"": 0, ""protocol"": 0, ""read_apply_unconfirmed"": 0, ""read_quorum_unconfirmed"": 0, ""rpc_status"": 0, ""success"": 152541}",0.44848964780845496,3.0416999672503486
1,64,batch64-r050,new,batch_get,batch_get,76277,4881728,76277,7625.26864115479,7625.26864115479,488017.1930339066,488017.1930339066,4524.181253510232,4325.376,4390.911,6750.208,6815.743,8650.752,8781.823,"{""client_rejected"": 0, ""read_failure"": 0, ""refused"": 0, ""success"": 76277, ""unknown_write"": 0}","{""admission_bytes"": 0, ""admission_count"": 0, ""admission_oversize"": 0, ""client_capacity"": 0, ""client_input"": 0, ""deadline"": 0, ""not_leader"": 0, ""protocol"": 0, ""read_apply_unconfirmed"": 0, ""read_quorum_unconfirmed"": 0, ""rpc_status"": 0, ""success"": 76277}",0.44848964780845496,3.0416999672503486
1,64,batch64-r050,new,batch_put,batch_put,76264,4880896,76264,7623.9690555348125,7623.9690555348125,487934.019554228,487934.019554228,3862.2474328778976,3637.248,3670.015,5898.24,5963.775,7929.856,7995.391,"{""client_rejected"": 0, ""read_failure"": 0, ""refused"": 0, ""success"": 76264, ""unknown_write"": 0}","{""admission_bytes"": 0, ""admission_count"": 0, ""admission_oversize"": 0, ""client_capacity"": 0, ""client_input"": 0, ""deadline"": 0, ""not_leader"": 0, ""protocol"": 0, ""read_apply_unconfirmed"": 0, ""read_quorum_unconfirmed"": 0, ""rpc_status"": 0, ""success"": 76264}",0.44848964780845496,3.0416999672503486
1,64,batch64-r050,old,combined,read+write,155195,9932480,155195,15515.857072259232,15515.857072259232,993014.8526245909,993014.852624591,4121.0834586101355,3899.392,3932.159,6291.456,6356.991,8126.464,8191.999,"{""client_rejected"": 0, ""read_failure"": 0, ""refused"": 0, ""success"": 155195, ""unknown_write"": 0}","{""admission_bytes"": 0, ""admission_count"": 0, ""admission_oversize"": 0, ""client_capacity"": 0, ""client_input"": 0, ""deadline"": 0, ""not_leader"": 0, ""protocol"": 0, ""read_apply_unconfirmed"": 0, ""read_quorum_unconfirmed"": 0, ""rpc_status"": 0, ""success"": 155195}",0.4559077330766687,3.0663289886924345
1,64,batch64-r050,old,batch_get,batch_get,77646,4969344,77646,7762.777397678021,7762.777397678021,496817.75345139334,496817.75345139334,4299.271228086443,4096.0,4128.767,6488.064,6553.599,8388.608,8519.679,"{""client_rejected"": 0, ""read_failure"": 0, ""refused"": 0, ""success"": 77646, ""unknown_write"": 0}","{""admission_bytes"": 0, ""admission_count"": 0, ""admission_oversize"": 0, ""client_capacity"": 0, ""client_input"": 0, ""deadline"": 0, ""not_leader"": 0, ""protocol"": 0, ""read_apply_unconfirmed"": 0, ""read_quorum_unconfirmed"": 0, ""rpc_status"": 0, ""success"": 77646}",0.4559077330766687,3.0663289886924345
1,64,batch64-r050,old,batch_put,batch_put,77549,4963136,77549,7753.079674581212,7753.079674581212,496197.0991731976,496197.0991731976,3942.672807940786,3735.552,3768.319,5963.776,6029.311,7798.784,7864.319,"{""client_rejected"": 0, ""read_failure"": 0, ""refused"": 0, ""success"": 77549, ""unknown_write"": 0}","{""admission_bytes"": 0, ""admission_count"": 0, ""admission_oversize"": 0, ""client_capacity"": 0, ""client_input"": 0, ""deadline"": 0, ""not_leader"": 0, ""protocol"": 0, ""read_apply_unconfirmed"": 0, ""read_quorum_unconfirmed"": 0, ""rpc_status"": 0, ""success"": 77549}",0.4559077330766687,3.0663289886924345
1,64,batch64-r000,redis,combined,read+write,948381,60696384,948381,94834.97636348254,94834.97636348254,6069438.487262882,6069438.487262882,670.088598448303,688.128,696.319,958.464,966.655,1007.616,1015.807,"{""read_failure"": 0, ""success"": 948381, ""unknown_write"": 0}","{""data_integrity"": 0, ""deadline"": 0, ""io"": 0, ""protocol"": 0, ""server_error"": 0, ""success"": 948381}",1.9239986233312616,0.901266168735288
1,64,batch64-r000,redis,mget,mget,0,0,0,0.0,0.0,0.0,0.0,,,,,,,,"{""read_failure"": 0, ""success"": 0, ""unknown_write"": 0}","{""data_integrity"": 0, ""deadline"": 0, ""io"": 0, ""protocol"": 0, ""server_error"": 0, ""success"": 0}",1.9239986233312616,0.901266168735288
1,64,batch64-r000,redis,mset,mset,948381,60696384,948381,94834.97636348254,94834.97636348254,6069438.487262882,6069438.487262882,670.088598448303,688.128,696.319,958.464,966.655,1007.616,1015.807,"{""read_failure"": 0, ""success"": 948381, ""unknown_write"": 0}","{""data_integrity"": 0, ""deadline"": 0, ""io"": 0, ""protocol"": 0, ""server_error"": 0, ""success"": 948381}",1.9239986233312616,0.901266168735288
1,64,batch64-r000,new,combined,read+write,98278,6289792,98278,9824.58737662964,9824.58737662964,628773.592104297,628773.592104297,6512.699324182421,6225.92,6291.455,9175.04,9306.111,12451.84,12582.911,"{""client_rejected"": 0, ""read_failure"": 0, ""refused"": 0, ""success"": 98278, ""unknown_write"": 0}","{""admission_bytes"": 0, ""admission_count"": 0, ""admission_oversize"": 0, ""client_capacity"": 0, ""client_input"": 0, ""deadline"": 0, ""not_leader"": 0, ""protocol"": 0, ""read_apply_unconfirmed"": 0, ""read_quorum_unconfirmed"": 0, ""rpc_status"": 0, ""success"": 98278}",0.30646942279292244,3.313710630131771
1,64,batch64-r000,new,batch_get,batch_get,0,0,0,0.0,0.0,0.0,0.0,,,,,,,,"{""client_rejected"": 0, ""read_failure"": 0, ""refused"": 0, ""success"": 0, ""unknown_write"": 0}","{""admission_bytes"": 0, ""admission_count"": 0, ""admission_oversize"": 0, ""client_capacity"": 0, ""client_input"": 0, ""deadline"": 0, ""not_leader"": 0, ""protocol"": 0, ""read_apply_unconfirmed"": 0, ""read_quorum_unconfirmed"": 0, ""rpc_status"": 0, ""success"": 0}",0.30646942279292244,3.313710630131771
1,64,batch64-r000,new,batch_put,batch_put,98278,6289792,98278,9824.58737662964,9824.58737662964,628773.592104297,628773.592104297,6512.699324182421,6225.92,6291.455,9175.04,9306.111,12451.84,12582.911,"{""client_rejected"": 0, ""read_failure"": 0, ""refused"": 0, ""success"": 98278, ""unknown_write"": 0}","{""admission_bytes"": 0, ""admission_count"": 0, ""admission_oversize"": 0, ""client_capacity"": 0, ""client_input"": 0, ""deadline"": 0, ""not_leader"": 0, ""protocol"": 0, ""read_apply_unconfirmed"": 0, ""read_quorum_unconfirmed"": 0, ""rpc_status"": 0, ""success"": 98278}",0.30646942279292244,3.313710630131771
1,64,batch64-r000,old,combined,read+write,98244,6287616,98244,9821.432102682906,9821.432102682906,628571.654571706,628571.654571706,6514.679037793657,6225.92,6291.455,9175.04,9306.111,12320.768,12451.839,"{""client_rejected"": 0, ""read_failure"": 0, ""refused"": 0, ""success"": 98244, ""unknown_write"": 0}","{""admission_bytes"": 0, ""admission_count"": 0, ""admission_oversize"": 0, ""client_capacity"": 0, ""client_input"": 0, ""deadline"": 0, ""not_leader"": 0, ""protocol"": 0, ""read_apply_unconfirmed"": 0, ""read_quorum_unconfirmed"": 0, ""rpc_status"": 0, ""success"": 98244}",0.30909092426993745,3.2936991291079765
1,64,batch64-r000,old,batch_get,batch_get,0,0,0,0.0,0.0,0.0,0.0,,,,,,,,"{""client_rejected"": 0, ""read_failure"": 0, ""refused"": 0, ""success"": 0, ""unknown_write"": 0}","{""admission_bytes"": 0, ""admission_count"": 0, ""admission_oversize"": 0, ""client_capacity"": 0, ""client_input"": 0, ""deadline"": 0, ""not_leader"": 0, ""protocol"": 0, ""read_apply_unconfirmed"": 0, ""read_quorum_unconfirmed"": 0, ""rpc_status"": 0, ""success"": 0}",0.30909092426993745,3.2936991291079765
1,64,batch64-r000,old,batch_put,batch_put,98244,6287616,98244,9821.432102682906,9821.432102682906,628571.654571706,628571.654571706,6514.679037793657,6225.92,6291.455,9175.04,9306.111,12320.768,12451.839,"{""client_rejected"": 0, ""read_failure"": 0, ""refused"": 0, ""success"": 98244, ""unknown_write"": 0}","{""admission_bytes"": 0, ""admission_count"": 0, ""admission_oversize"": 0, ""client_capacity"": 0, ""client_input"": 0, ""deadline"": 0, ""not_leader"": 0, ""protocol"": 0, ""read_apply_unconfirmed"": 0, ""read_quorum_unconfirmed"": 0, ""rpc_status"": 0, ""success"": 98244}",0.30909092426993745,3.2936991291079765
1,64,point-r100,redis,combined,read+write,5089884,5089884,5089884,508974.9472322722,508974.9472322722,508974.9472322722,508974.9472322722,125.63349859761048,117.76,118.783,163.84,165.887,229.376,231.423,"{""read_failure"": 0, ""success"": 5089884, ""unknown_write"": 0}","{""data_integrity"": 0, ""deadline"": 0, ""io"": 0, ""protocol"": 0, ""server_error"": 0, ""success"": 5089884}",1.4408216679010948,0.9930160244205753
1,64,point-r100,redis,get,get,5089884,5089884,5089884,508974.9472322722,508974.9472322722,508974.9472322722,508974.9472322722,125.63349859761048,117.76,118.783,163.84,165.887,229.376,231.423,"{""read_failure"": 0, ""success"": 5089884, ""unknown_write"": 0}","{""data_integrity"": 0, ""deadline"": 0, ""io"": 0, ""protocol"": 0, ""server_error"": 0, ""success"": 5089884}",1.4408216679010948,0.9930160244205753
1,64,point-r100,redis,set,set,0,0,0,0.0,0.0,0.0,0.0,,,,,,,,"{""read_failure"": 0, ""success"": 0, ""unknown_write"": 0}","{""data_integrity"": 0, ""deadline"": 0, ""io"": 0, ""protocol"": 0, ""server_error"": 0, ""success"": 0}",1.4408216679010948,0.9930160244205753
1,64,point-r100,new,combined,read+write,3729449,3729449,3729449,372939.44687940774,372939.44687940774,372939.44687940774,372939.44687940774,171.48557846748943,167.936,169.983,237.568,239.615,294.912,299.007,"{""client_rejected"": 0, ""read_failure"": 0, ""refused"": 0, ""success"": 3729449, ""unknown_write"": 0}","{""admission_bytes"": 0, ""admission_count"": 0, ""admission_oversize"": 0, ""client_capacity"": 0, ""client_input"": 0, ""deadline"": 0, ""not_leader"": 0, ""protocol"": 0, ""read_apply_unconfirmed"": 0, ""read_quorum_unconfirmed"": 0, ""rpc_status"": 0, ""success"": 3729449}",1.1729262247158492,2.8066190330002905
1,64,point-r100,new,get,get,3729449,3729449,3729449,372939.44687940774,372939.44687940774,372939.44687940774,372939.44687940774,171.48557846748943,167.936,169.983,237.568,239.615,294.912,299.007,"{""client_rejected"": 0, ""read_failure"": 0, ""refused"": 0, ""success"": 3729449, ""unknown_write"": 0}","{""admission_bytes"": 0, ""admission_count"": 0, ""admission_oversize"": 0, ""client_capacity"": 0, ""client_input"": 0, ""deadline"": 0, ""not_leader"": 0, ""protocol"": 0, ""read_apply_unconfirmed"": 0, ""read_quorum_unconfirmed"": 0, ""rpc_status"": 0, ""success"": 3729449}",1.1729262247158492,2.8066190330002905
1,64,point-r100,new,put,put,0,0,0,0.0,0.0,0.0,0.0,,,,,,,,"{""client_rejected"": 0, ""read_failure"": 0, ""refused"": 0, ""success"": 0, ""unknown_write"": 0}","{""admission_bytes"": 0, ""admission_count"": 0, ""admission_oversize"": 0, ""client_capacity"": 0, ""client_input"": 0, ""deadline"": 0, ""not_leader"": 0, ""protocol"": 0, ""read_apply_unconfirmed"": 0, ""read_quorum_unconfirmed"": 0, ""rpc_status"": 0, ""success"": 0}",1.1729262247158492,2.8066190330002905
1,64,point-r100,old,combined,read+write,3452325,3452325,3452325,345228.9504249775,345228.9504249775,345228.9504249775,345228.9504249775,185.25864806615832,172.032,174.079,278.528,282.623,352.256,356.351,"{""client_rejected"": 0, ""read_failure"": 0, ""refused"": 0, ""success"": 3452325, ""unknown_write"": 0}","{""admission_bytes"": 0, ""admission_count"": 0, ""admission_oversize"": 0, ""client_capacity"": 0, ""client_input"": 0, ""deadline"": 0, ""not_leader"": 0, ""protocol"": 0, ""read_apply_unconfirmed"": 0, ""read_quorum_unconfirmed"": 0, ""rpc_status"": 0, ""success"": 3452325}",1.0769281430446747,3.0229607995476164
1,64,point-r100,old,get,get,3452325,3452325,3452325,345228.9504249775,345228.9504249775,345228.9504249775,345228.9504249775,185.25864806615832,172.032,174.079,278.528,282.623,352.256,356.351,"{""client_rejected"": 0, ""read_failure"": 0, ""refused"": 0, ""success"": 3452325, ""unknown_write"": 0}","{""admission_bytes"": 0, ""admission_count"": 0, ""admission_oversize"": 0, ""client_capacity"": 0, ""client_input"": 0, ""deadline"": 0, ""not_leader"": 0, ""protocol"": 0, ""read_apply_unconfirmed"": 0, ""read_quorum_unconfirmed"": 0, ""rpc_status"": 0, ""success"": 3452325}",1.0769281430446747,3.0229607995476164
1,64,point-r100,old,put,put,0,0,0,0.0,0.0,0.0,0.0,,,,,,,,"{""client_rejected"": 0, ""read_failure"": 0, ""refused"": 0, ""success"": 0, ""unknown_write"": 0}","{""admission_bytes"": 0, ""admission_count"": 0, ""admission_oversize"": 0, ""client_capacity"": 0, ""client_input"": 0, ""deadline"": 0, ""not_leader"": 0, ""protocol"": 0, ""read_apply_unconfirmed"": 0, ""read_quorum_unconfirmed"": 0, ""rpc_status"": 0, ""success"": 0}",1.0769281430446747,3.0229607995476164
1,64,point-r050,redis,combined,read+write,5004971,5004971,5004971,500488.0379633894,500488.0379633894,500488.0379633894,500488.0379633894,127.74127238839147,120.832,121.855,161.792,163.839,235.52,237.567,"{""read_failure"": 0, ""success"": 5004971, ""unknown_write"": 0}","{""data_integrity"": 0, ""deadline"": 0, ""io"": 0, ""protocol"": 0, ""server_error"": 0, ""success"": 5004971}",1.4584935902795646,0.9971279792171294
1,64,point-r050,redis,get,get,2501391,2501391,2501391,250134.57096340432,250134.57096340432,250134.57096340432,250134.57096340432,127.75621921842686,120.832,121.855,161.792,163.839,235.52,237.567,"{""read_failure"": 0, ""success"": 2501391, ""unknown_write"": 0}","{""data_integrity"": 0, ""deadline"": 0, ""io"": 0, ""protocol"": 0, ""server_error"": 0, ""success"": 2501391}",1.4584935902795646,0.9971279792171294
1,64,point-r050,redis,set,set,2503580,2503580,2503580,250353.4669999851,250353.4669999851,250353.4669999851,250353.4669999851,127.72633862708601,120.832,121.855,161.792,163.839,235.52,237.567,"{""read_failure"": 0, ""success"": 2503580, ""unknown_write"": 0}","{""data_integrity"": 0, ""deadline"": 0, ""io"": 0, ""protocol"": 0, ""server_error"": 0, ""success"": 2503580}",1.4584935902795646,0.9971279792171294
1,64,point-r050,new,combined,read+write,1682083,1682083,1682083,168203.00470028722,168203.00470028722,168203.00470028722,168203.00470028725,380.3512305266744,360.448,364.543,548.864,557.055,647.168,655.359,"{""client_rejected"": 0, ""read_failure"": 0, ""refused"": 0, ""success"": 1682083, ""unknown_write"": 0}","{""admission_bytes"": 0, ""admission_count"": 0, ""admission_oversize"": 0, ""client_capacity"": 0, ""client_input"": 0, ""deadline"": 0, ""not_leader"": 0, ""protocol"": 0, ""read_apply_unconfirmed"": 0, ""read_quorum_unconfirmed"": 0, ""rpc_status"": 0, ""success"": 1682083}",0.5530667371380683,3.4732764138379464
1,64,point-r050,new,get,get,840065,840065,840065,84003.85542422508,84003.85542422508,84003.85542422508,84003.85542422508,417.3058521352514,401.408,405.503,581.632,589.823,679.936,688.127,"{""client_rejected"": 0, ""read_failure"": 0, ""refused"": 0, ""success"": 840065, ""unknown_write"": 0}","{""admission_bytes"": 0, ""admission_count"": 0, ""admission_oversize"": 0, ""client_capacity"": 0, ""client_input"": 0, ""deadline"": 0, ""not_leader"": 0, ""protocol"": 0, ""read_apply_unconfirmed"": 0, ""read_quorum_unconfirmed"": 0, ""rpc_status"": 0, ""success"": 840065}",0.5530667371380683,3.4732764138379464
1,64,point-r050,new,put,put,842018,842018,842018,84199.14927606215,84199.14927606215,84199.14927606215,84199.14927606215,343.4823224966687,327.68,331.775,479.232,483.327,573.44,581.631,"{""client_rejected"": 0, ""read_failure"": 0, ""refused"": 0, ""success"": 842018, ""unknown_write"": 0}","{""admission_bytes"": 0, ""admission_count"": 0, ""admission_oversize"": 0, ""client_capacity"": 0, ""client_input"": 0, ""deadline"": 0, ""not_leader"": 0, ""protocol"": 0, ""read_apply_unconfirmed"": 0, ""read_quorum_unconfirmed"": 0, ""rpc_status"": 0, ""success"": 842018}",0.5530667371380683,3.4732764138379464
1,64,point-r050,old,combined,read+write,1650343,1650343,1650343,165029.0411185641,165029.0411185641,165029.0411185641,165029.04111856408,387.66794518775794,368.64,372.735,540.672,548.863,638.976,647.167,"{""client_rejected"": 0, ""read_failure"": 0, ""refused"": 0, ""success"": 1650343, ""unknown_write"": 0}","{""admission_bytes"": 0, ""admission_count"": 0, ""admission_oversize"": 0, ""client_capacity"": 0, ""client_input"": 0, ""deadline"": 0, ""not_leader"": 0, ""protocol"": 0, ""read_apply_unconfirmed"": 0, ""read_quorum_unconfirmed"": 0, ""rpc_status"": 0, ""success"": 1650343}",0.5375530679521792,3.495047043075398
1,64,point-r050,old,get,get,824083,824083,824083,82405.67402782915,82405.67402782915,82405.67402782915,82405.67402782915,399.676090088013,380.928,385.023,548.864,557.055,655.36,663.551,"{""client_rejected"": 0, ""read_failure"": 0, ""refused"": 0, ""success"": 824083, ""unknown_write"": 0}","{""admission_bytes"": 0, ""admission_count"": 0, ""admission_oversize"": 0, ""client_capacity"": 0, ""client_input"": 0, ""deadline"": 0, ""not_leader"": 0, ""protocol"": 0, ""read_apply_unconfirmed"": 0, ""read_quorum_unconfirmed"": 0, ""rpc_status"": 0, ""success"": 824083}",0.5375530679521792,3.495047043075398
1,64,point-r050,old,put,put,826260,826260,826260,82623.36709073494,82623.36709073494,82623.36709073494,82623.36709073494,375.6914389139012,360.448,364.543,520.192,524.287,622.592,630.783,"{""client_rejected"": 0, ""read_failure"": 0, ""refused"": 0, ""success"": 826260, ""unknown_write"": 0}","{""admission_bytes"": 0, ""admission_count"": 0, ""admission_oversize"": 0, ""client_capacity"": 0, ""client_input"": 0, ""deadline"": 0, ""not_leader"": 0, ""protocol"": 0, ""read_apply_unconfirmed"": 0, ""read_quorum_unconfirmed"": 0, ""rpc_status"": 0, ""success"": 826260}",0.5375530679521792,3.495047043075398
1,64,point-r000,redis,combined,read+write,4937617,4937617,4937617,493749.97388249525,493749.97388249525,493749.97388249525,493749.97388249525,129.4661939052786,121.856,122.879,161.792,163.839,235.52,237.567,"{""read_failure"": 0, ""success"": 4937617, ""unknown_write"": 0}","{""data_integrity"": 0, ""deadline"": 0, ""io"": 0, ""protocol"": 0, ""server_error"": 0, ""success"": 4937617}",1.4429374931127994,0.996753915933796
1,64,point-r000,redis,get,get,0,0,0,0.0,0.0,0.0,0.0,,,,,,,,"{""read_failure"": 0, ""success"": 0, ""unknown_write"": 0}","{""data_integrity"": 0, ""deadline"": 0, ""io"": 0, ""protocol"": 0, ""server_error"": 0, ""success"": 0}",1.4429374931127994,0.996753915933796
1,64,point-r000,redis,set,set,4937617,4937617,4937617,493749.97388249525,493749.97388249525,493749.97388249525,493749.97388249525,129.4661939052786,121.856,122.879,161.792,163.839,235.52,237.567,"{""read_failure"": 0, ""success"": 4937617, ""unknown_write"": 0}","{""data_integrity"": 0, ""deadline"": 0, ""io"": 0, ""protocol"": 0, ""server_error"": 0, ""success"": 4937617}",1.4429374931127994,0.996753915933796
1,64,point-r000,new,combined,read+write,1172654,1172654,1172654,117261.85321590434,117261.85321590434,117261.85321590434,117261.85321590434,545.6600552345365,520.192,524.287,745.472,753.663,876.544,884.735,"{""client_rejected"": 0, ""read_failure"": 0, ""refused"": 0, ""success"": 1172654, ""unknown_write"": 0}","{""admission_bytes"": 0, ""admission_count"": 0, ""admission_oversize"": 0, ""client_capacity"": 0, ""client_input"": 0, ""deadline"": 0, ""not_leader"": 0, ""protocol"": 0, ""read_apply_unconfirmed"": 0, ""read_quorum_unconfirmed"": 0, ""rpc_status"": 0, ""success"": 1172654}",0.36592216196537974,3.5384079462133586
1,64,point-r000,new,get,get,0,0,0,0.0,0.0,0.0,0.0,,,,,,,,"{""client_rejected"": 0, ""read_failure"": 0, ""refused"": 0, ""success"": 0, ""unknown_write"": 0}","{""admission_bytes"": 0, ""admission_count"": 0, ""admission_oversize"": 0, ""client_capacity"": 0, ""client_input"": 0, ""deadline"": 0, ""not_leader"": 0, ""protocol"": 0, ""read_apply_unconfirmed"": 0, ""read_quorum_unconfirmed"": 0, ""rpc_status"": 0, ""success"": 0}",0.36592216196537974,3.5384079462133586
1,64,point-r000,new,put,put,1172654,1172654,1172654,117261.85321590434,117261.85321590434,117261.85321590434,117261.85321590434,545.6600552345365,520.192,524.287,745.472,753.663,876.544,884.735,"{""client_rejected"": 0, ""read_failure"": 0, ""refused"": 0, ""success"": 1172654, ""unknown_write"": 0}","{""admission_bytes"": 0, ""admission_count"": 0, ""admission_oversize"": 0, ""client_capacity"": 0, ""client_input"": 0, ""deadline"": 0, ""not_leader"": 0, ""protocol"": 0, ""read_apply_unconfirmed"": 0, ""read_quorum_unconfirmed"": 0, ""rpc_status"": 0, ""success"": 1172654}",0.36592216196537974,3.5384079462133586
1,64,point-r000,old,combined,read+write,1166763,1166763,1166763,116672.55021423964,116672.55021423964,116672.55021423964,116672.55021423964,548.4125907163666,520.192,524.287,745.472,753.663,876.544,884.735,"{""client_rejected"": 0, ""read_failure"": 0, ""refused"": 0, ""success"": 1166763, ""unknown_write"": 0}","{""admission_bytes"": 0, ""admission_count"": 0, ""admission_oversize"": 0, ""client_capacity"": 0, ""client_input"": 0, ""deadline"": 0, ""not_leader"": 0, ""protocol"": 0, ""read_apply_unconfirmed"": 0, ""read_quorum_unconfirmed"": 0, ""rpc_status"": 0, ""success"": 1166763}",0.36325212845214,3.5250010003970726
1,64,point-r000,old,get,get,0,0,0,0.0,0.0,0.0,0.0,,,,,,,,"{""client_rejected"": 0, ""read_failure"": 0, ""refused"": 0, ""success"": 0, ""unknown_write"": 0}","{""admission_bytes"": 0, ""admission_count"": 0, ""admission_oversize"": 0, ""client_capacity"": 0, ""client_input"": 0, ""deadline"": 0, ""not_leader"": 0, ""protocol"": 0, ""read_apply_unconfirmed"": 0, ""read_quorum_unconfirmed"": 0, ""rpc_status"": 0, ""success"": 0}",0.36325212845214,3.5250010003970726
1,64,point-r000,old,put,put,1166763,1166763,1166763,116672.55021423964,116672.55021423964,116672.55021423964,116672.55021423964,548.4125907163666,520.192,524.287,745.472,753.663,876.544,884.735,"{""client_rejected"": 0, ""read_failure"": 0, ""refused"": 0, ""success"": 1166763, ""unknown_write"": 0}","{""admission_bytes"": 0, ""admission_count"": 0, ""admission_oversize"": 0, ""client_capacity"": 0, ""client_input"": 0, ""deadline"": 0, ""not_leader"": 0, ""protocol"": 0, ""read_apply_unconfirmed"": 0, ""read_quorum_unconfirmed"": 0, ""rpc_status"": 0, ""success"": 1166763}",0.36325212845214,3.5250010003970726
1,1,batch64-r100,redis,combined,read+write,391870,25079680,391870,39186.93638000879,39186.93638000879,2507963.9283205625,2507963.9283205625,24.37049489626662,24.064,24.319,25.088,25.343,29.952,30.207,"{""read_failure"": 0, ""success"": 391870, ""unknown_write"": 0}","{""data_integrity"": 0, ""deadline"": 0, ""io"": 0, ""protocol"": 0, ""server_error"": 0, ""success"": 391870}",0.7660272131123226,0.2653889219729074
1,1,batch64-r100,redis,mget,mget,391870,25079680,391870,39186.93638000879,39186.93638000879,2507963.9283205625,2507963.9283205625,24.37049489626662,24.064,24.319,25.088,25.343,29.952,30.207,"{""read_failure"": 0, ""success"": 391870, ""unknown_write"": 0}","{""data_integrity"": 0, ""deadline"": 0, ""io"": 0, ""protocol"": 0, ""server_error"": 0, ""success"": 391870}",0.7660272131123226,0.2653889219729074
1,1,batch64-r100,redis,mset,mset,0,0,0,0.0,0.0,0.0,0.0,,,,,,,,"{""read_failure"": 0, ""success"": 0, ""unknown_write"": 0}","{""data_integrity"": 0, ""deadline"": 0, ""io"": 0, ""protocol"": 0, ""server_error"": 0, ""success"": 0}",0.7660272131123226,0.2653889219729074
1,1,batch64-r100,new,combined,read+write,95936,6139904,95936,9593.590087902721,9593.590087902721,613989.7656257742,613989.7656257742,103.34396224566377,100.352,101.375,115.712,116.735,137.216,139.263,"{""client_rejected"": 0, ""read_failure"": 0, ""refused"": 0, ""success"": 95936, ""unknown_write"": 0}","{""admission_bytes"": 0, ""admission_count"": 0, ""admission_oversize"": 0, ""client_capacity"": 0, ""client_input"": 0, ""deadline"": 0, ""not_leader"": 0, ""protocol"": 0, ""read_apply_unconfirmed"": 0, ""read_quorum_unconfirmed"": 0, ""rpc_status"": 0, ""success"": 95936}",0.23757226350298452,1.098279568105407
1,1,batch64-r100,new,batch_get,batch_get,95936,6139904,95936,9593.590087902721,9593.590087902721,613989.7656257742,613989.7656257742,103.34396224566377,100.352,101.375,115.712,116.735,137.216,139.263,"{""client_rejected"": 0, ""read_failure"": 0, ""refused"": 0, ""success"": 95936, ""unknown_write"": 0}","{""admission_bytes"": 0, ""admission_count"": 0, ""admission_oversize"": 0, ""client_capacity"": 0, ""client_input"": 0, ""deadline"": 0, ""not_leader"": 0, ""protocol"": 0, ""read_apply_unconfirmed"": 0, ""read_quorum_unconfirmed"": 0, ""rpc_status"": 0, ""success"": 95936}",0.23757226350298452,1.098279568105407
1,1,batch64-r100,new,batch_put,batch_put,0,0,0,0.0,0.0,0.0,0.0,,,,,,,,"{""client_rejected"": 0, ""read_failure"": 0, ""refused"": 0, ""success"": 0, ""unknown_write"": 0}","{""admission_bytes"": 0, ""admission_count"": 0, ""admission_oversize"": 0, ""client_capacity"": 0, ""client_input"": 0, ""deadline"": 0, ""not_leader"": 0, ""protocol"": 0, ""read_apply_unconfirmed"": 0, ""read_quorum_unconfirmed"": 0, ""rpc_status"": 0, ""success"": 0}",0.23757226350298452,1.098279568105407
1,1,batch64-r100,old,combined,read+write,95260,6096640,95260,9525.948669425596,9525.948669425596,609660.7148432381,609660.7148432381,104.06728224858283,101.376,102.399,117.76,118.783,137.216,139.263,"{""client_rejected"": 0, ""read_failure"": 0, ""refused"": 0, ""success"": 95260, ""unknown_write"": 0}","{""admission_bytes"": 0, ""admission_count"": 0, ""admission_oversize"": 0, ""client_capacity"": 0, ""client_input"": 0, ""deadline"": 0, ""not_leader"": 0, ""protocol"": 0, ""read_apply_unconfirmed"": 0, ""read_quorum_unconfirmed"": 0, ""rpc_status"": 0, ""success"": 95260}",0.23580891059782846,1.0964240417761242
1,1,batch64-r100,old,batch_get,batch_get,95260,6096640,95260,9525.948669425596,9525.948669425596,609660.7148432381,609660.7148432381,104.06728224858283,101.376,102.399,117.76,118.783,137.216,139.263,"{""client_rejected"": 0, ""read_failure"": 0, ""refused"": 0, ""success"": 95260, ""unknown_write"": 0}","{""admission_bytes"": 0, ""admission_count"": 0, ""admission_oversize"": 0, ""client_capacity"": 0, ""client_input"": 0, ""deadline"": 0, ""not_leader"": 0, ""protocol"": 0, ""read_apply_unconfirmed"": 0, ""read_quorum_unconfirmed"": 0, ""rpc_status"": 0, ""success"": 95260}",0.23580891059782846,1.0964240417761242
1,1,batch64-r100,old,batch_put,batch_put,0,0,0,0.0,0.0,0.0,0.0,,,,,,,,"{""client_rejected"": 0, ""read_failure"": 0, ""refused"": 0, ""success"": 0, ""unknown_write"": 0}","{""admission_bytes"": 0, ""admission_count"": 0, ""admission_oversize"": 0, ""client_capacity"": 0, ""client_input"": 0, ""deadline"": 0, ""not_leader"": 0, ""protocol"": 0, ""read_apply_unconfirmed"": 0, ""read_quorum_unconfirmed"": 0, ""rpc_status"": 0, ""success"": 0}",0.23580891059782846,1.0964240417761242
1,1,batch64-r050,redis,combined,read+write,403276,25809664,403276,40327.599278135975,40327.599278135975,2580966.3538007024,2580966.353800702,23.65083214225493,24.064,24.319,25.344,25.599,29.952,30.207,"{""read_failure"": 0, ""success"": 403276, ""unknown_write"": 0}","{""data_integrity"": 0, ""deadline"": 0, ""io"": 0, ""protocol"": 0, ""server_error"": 0, ""success"": 403276}",0.6888653461441329,0.3419339913063866
1,1,batch64-r050,redis,mget,mget,201954,12925056,201954,20195.399638502346,20195.399638502346,1292505.5768641501,1292505.5768641501,24.949972473929705,24.576,24.831,25.856,26.111,30.464,30.719,"{""read_failure"": 0, ""success"": 201954, ""unknown_write"": 0}","{""data_integrity"": 0, ""deadline"": 0, ""io"": 0, ""protocol"": 0, ""server_error"": 0, ""success"": 201954}",0.6888653461441329,0.3419339913063866
1,1,batch64-r050,redis,mset,mset,201322,12884608,201322,20132.199639633625,20132.199639633625,1288460.776936552,1288460.776936552,22.347613484865043,22.016,22.271,23.04,23.295,28.928,29.183,"{""read_failure"": 0, ""success"": 201322, ""unknown_write"": 0}","{""data_integrity"": 0, ""deadline"": 0, ""io"": 0, ""protocol"": 0, ""server_error"": 0, ""success"": 201322}",0.6888653461441329,0.3419339913063866
1,1,batch64-r050,new,combined,read+write,58652,3753728,58652,5865.088508186513,5865.088508186513,375365.6645239368,375365.6645239368,169.98306843756393,192.512,194.559,233.472,235.519,266.24,270.335,"{""client_rejected"": 0, ""read_failure"": 0, ""refused"": 0, ""success"": 58652, ""unknown_write"": 0}","{""admission_bytes"": 0, ""admission_count"": 0, ""admission_oversize"": 0, ""client_capacity"": 0, ""client_input"": 0, ""deadline"": 0, ""not_leader"": 0, ""protocol"": 0, ""read_apply_unconfirmed"": 0, ""read_quorum_unconfirmed"": 0, ""rpc_status"": 0, ""success"": 58652}",0.1487860390696172,1.7331496190299656
1,1,batch64-r050,new,batch_get,batch_get,29285,1874240,29285,2928.444332030315,2928.444332030315,187420.43724994015,187420.43724994015,119.0586041318081,115.712,116.735,151.552,153.599,169.984,172.031,"{""client_rejected"": 0, ""read_failure"": 0, ""refused"": 0, ""success"": 29285, ""unknown_write"": 0}","{""admission_bytes"": 0, ""admission_count"": 0, ""admission_oversize"": 0, ""client_capacity"": 0, ""client_input"": 0, ""deadline"": 0, ""not_leader"": 0, ""protocol"": 0, ""read_apply_unconfirmed"": 0, ""read_quorum_unconfirmed"": 0, ""rpc_status"": 0, ""success"": 29285}",0.1487860390696172,1.7331496190299656
1,1,batch64-r050,new,batch_put,batch_put,29367,1879488,29367,2936.644176156198,2936.644176156198,187945.22727399666,187945.22727399666,220.76533891783293,212.992,215.039,247.808,249.855,278.528,282.623,"{""client_rejected"": 0, ""read_failure"": 0, ""refused"": 0, ""success"": 29367, ""unknown_write"": 0}","{""admission_bytes"": 0, ""admission_count"": 0, ""admission_oversize"": 0, ""client_capacity"": 0, ""client_input"": 0, ""deadline"": 0, ""not_leader"": 0, ""protocol"": 0, ""read_apply_unconfirmed"": 0, ""read_quorum_unconfirmed"": 0, ""rpc_status"": 0, ""success"": 29367}",0.1487860390696172,1.7331496190299656
1,1,batch64-r050,old,combined,read+write,58190,3724160,58190,5818.945090106552,5818.945090106552,372412.4857668193,372412.4857668193,171.34677463481697,194.56,196.607,235.52,237.567,270.336,274.431,"{""client_rejected"": 0, ""read_failure"": 0, ""refused"": 0, ""success"": 58190, ""unknown_write"": 0}","{""admission_bytes"": 0, ""admission_count"": 0, ""admission_oversize"": 0, ""client_capacity"": 0, ""client_input"": 0, ""deadline"": 0, ""not_leader"": 0, ""protocol"": 0, ""read_apply_unconfirmed"": 0, ""read_quorum_unconfirmed"": 0, ""rpc_status"": 0, ""success"": 58190}",0.14687974223820516,1.734343757406814
1,1,batch64-r050,old,batch_get,batch_get,29056,1859584,29056,2905.5725818548885,2905.5725818548885,185956.64523871287,185956.64523871287,120.49977983893172,116.736,117.759,153.6,155.647,172.032,174.079,"{""client_rejected"": 0, ""read_failure"": 0, ""refused"": 0, ""success"": 29056, ""unknown_write"": 0}","{""admission_bytes"": 0, ""admission_count"": 0, ""admission_oversize"": 0, ""client_capacity"": 0, ""client_input"": 0, ""deadline"": 0, ""not_leader"": 0, ""protocol"": 0, ""read_apply_unconfirmed"": 0, ""read_quorum_unconfirmed"": 0, ""rpc_status"": 0, ""success"": 29056}",0.14687974223820516,1.734343757406814
1,1,batch64-r050,old,batch_put,batch_put,29134,1864576,29134,2913.372508251663,2913.372508251663,186455.84052810643,186455.84052810643,222.0576375712226,212.992,215.039,251.904,253.951,282.624,286.719,"{""client_rejected"": 0, ""read_failure"": 0, ""refused"": 0, ""success"": 29134, ""unknown_write"": 0}","{""admission_bytes"": 0, ""admission_count"": 0, ""admission_oversize"": 0, ""client_capacity"": 0, ""client_input"": 0, ""deadline"": 0, ""not_leader"": 0, ""protocol"": 0, ""read_apply_unconfirmed"": 0, ""read_quorum_unconfirmed"": 0, ""rpc_status"": 0, ""success"": 29134}",0.14687974223820516,1.734343757406814
1,1,batch64-r000,redis,combined,read+write,423450,27100800,423450,42344.92329217146,42344.92329217146,2710075.0906989733,2710075.0906989733,22.480296089266737,22.016,22.271,23.296,23.551,31.232,31.487,"{""read_failure"": 0, ""success"": 423450, ""unknown_write"": 0}","{""data_integrity"": 0, ""deadline"": 0, ""io"": 0, ""protocol"": 0, ""server_error"": 0, ""success"": 423450}",0.617878716589132,0.41695892175691196
1,1,batch64-r000,redis,mget,mget,0,0,0,0.0,0.0,0.0,0.0,,,,,,,,"{""read_failure"": 0, ""success"": 0, ""unknown_write"": 0}","{""data_integrity"": 0, ""deadline"": 0, ""io"": 0, ""protocol"": 0, ""server_error"": 0, ""success"": 0}",0.617878716589132,0.41695892175691196
1,1,batch64-r000,redis,mset,mset,423450,27100800,423450,42344.92329217146,42344.92329217146,2710075.0906989733,2710075.0906989733,22.480296089266737,22.016,22.271,23.296,23.551,31.232,31.487,"{""read_failure"": 0, ""success"": 423450, ""unknown_write"": 0}","{""data_integrity"": 0, ""deadline"": 0, ""io"": 0, ""protocol"": 0, ""server_error"": 0, ""success"": 423450}",0.617878716589132,0.41695892175691196
1,1,batch64-r000,new,combined,read+write,46058,2947712,46058,4605.748557473212,4605.748557473212,294767.90767828556,294767.90767828556,217.00367323809112,208.896,210.943,241.664,243.711,278.528,282.623,"{""client_rejected"": 0, ""read_failure"": 0, ""refused"": 0, ""success"": 46058, ""unknown_write"": 0}","{""admission_bytes"": 0, ""admission_count"": 0, ""admission_oversize"": 0, ""client_capacity"": 0, ""client_input"": 0, ""deadline"": 0, ""not_leader"": 0, ""protocol"": 0, ""read_apply_unconfirmed"": 0, ""read_quorum_unconfirmed"": 0, ""rpc_status"": 0, ""success"": 46058}",0.11344303884435587,2.0611244716282062
1,1,batch64-r000,new,batch_get,batch_get,0,0,0,0.0,0.0,0.0,0.0,,,,,,,,"{""client_rejected"": 0, ""read_failure"": 0, ""refused"": 0, ""success"": 0, ""unknown_write"": 0}","{""admission_bytes"": 0, ""admission_count"": 0, ""admission_oversize"": 0, ""client_capacity"": 0, ""client_input"": 0, ""deadline"": 0, ""not_leader"": 0, ""protocol"": 0, ""read_apply_unconfirmed"": 0, ""read_quorum_unconfirmed"": 0, ""rpc_status"": 0, ""success"": 0}",0.11344303884435587,2.0611244716282062
1,1,batch64-r000,new,batch_put,batch_put,46058,2947712,46058,4605.748557473212,4605.748557473212,294767.90767828556,294767.90767828556,217.00367323809112,208.896,210.943,241.664,243.711,278.528,282.623,"{""client_rejected"": 0, ""read_failure"": 0, ""refused"": 0, ""success"": 46058, ""unknown_write"": 0}","{""admission_bytes"": 0, ""admission_count"": 0, ""admission_oversize"": 0, ""client_capacity"": 0, ""client_input"": 0, ""deadline"": 0, ""not_leader"": 0, ""protocol"": 0, ""read_apply_unconfirmed"": 0, ""read_quorum_unconfirmed"": 0, ""rpc_status"": 0, ""success"": 46058}",0.11344303884435587,2.0611244716282062
1,1,batch64-r000,old,combined,read+write,46027,2945728,46027,4602.69712147322,4602.69712147322,294572.6157742861,294572.6157742861,217.1491343776479,210.944,212.991,241.664,243.711,274.432,278.527,"{""client_rejected"": 0, ""read_failure"": 0, ""refused"": 0, ""success"": 46027, ""unknown_write"": 0}","{""admission_bytes"": 0, ""admission_count"": 0, ""admission_oversize"": 0, ""client_capacity"": 0, ""client_input"": 0, ""deadline"": 0, ""not_leader"": 0, ""protocol"": 0, ""read_apply_unconfirmed"": 0, ""read_quorum_unconfirmed"": 0, ""rpc_status"": 0, ""success"": 46027}",0.11350446632144728,2.0572151525789257
1,1,batch64-r000,old,batch_get,batch_get,0,0,0,0.0,0.0,0.0,0.0,,,,,,,,"{""client_rejected"": 0, ""read_failure"": 0, ""refused"": 0, ""success"": 0, ""unknown_write"": 0}","{""admission_bytes"": 0, ""admission_count"": 0, ""admission_oversize"": 0, ""client_capacity"": 0, ""client_input"": 0, ""deadline"": 0, ""not_leader"": 0, ""protocol"": 0, ""read_apply_unconfirmed"": 0, ""read_quorum_unconfirmed"": 0, ""rpc_status"": 0, ""success"": 0}",0.11350446632144728,2.0572151525789257
1,1,batch64-r000,old,batch_put,batch_put,46027,2945728,46027,4602.69712147322,4602.69712147322,294572.6157742861,294572.6157742861,217.1491343776479,210.944,212.991,241.664,243.711,274.432,278.527,"{""client_rejected"": 0, ""read_failure"": 0, ""refused"": 0, ""success"": 46027, ""unknown_write"": 0}","{""admission_bytes"": 0, ""admission_count"": 0, ""admission_oversize"": 0, ""client_capacity"": 0, ""client_input"": 0, ""deadline"": 0, ""not_leader"": 0, ""protocol"": 0, ""read_apply_unconfirmed"": 0, ""read_quorum_unconfirmed"": 0, ""rpc_status"": 0, ""success"": 46027}",0.11350446632144728,2.0572151525789257
1,1,point-r100,redis,combined,read+write,1729237,1729237,1729237,172923.67423437253,172923.67423437253,172923.67423437253,172923.67423437253,5.707350183925049,5.568,5.631,6.016,6.079,7.808,7.871,"{""read_failure"": 0, ""success"": 1729237, ""unknown_write"": 0}","{""data_integrity"": 0, ""deadline"": 0, ""io"": 0, ""protocol"": 0, ""server_error"": 0, ""success"": 1729237}",0.6122371325125341,0.5257863871344606
1,1,point-r100,redis,get,get,1729237,1729237,1729237,172923.67423437253,172923.67423437253,172923.67423437253,172923.67423437253,5.707350183925049,5.568,5.631,6.016,6.079,7.808,7.871,"{""read_failure"": 0, ""success"": 1729237, ""unknown_write"": 0}","{""data_integrity"": 0, ""deadline"": 0, ""io"": 0, ""protocol"": 0, ""server_error"": 0, ""success"": 1729237}",0.6122371325125341,0.5257863871344606
1,1,point-r100,redis,set,set,0,0,0,0.0,0.0,0.0,0.0,,,,,,,,"{""read_failure"": 0, ""success"": 0, ""unknown_write"": 0}","{""data_integrity"": 0, ""deadline"": 0, ""io"": 0, ""protocol"": 0, ""server_error"": 0, ""success"": 0}",0.6122371325125341,0.5257863871344606
1,1,point-r100,new,combined,read+write,263204,263204,263204,26320.371337115615,26320.371337115615,26320.371337115615,26320.371337115615,37.86187524125773,36.864,37.375,44.544,45.055,52.224,52.735,"{""client_rejected"": 0, ""read_failure"": 0, ""refused"": 0, ""success"": 263204, ""unknown_write"": 0}","{""admission_bytes"": 0, ""admission_count"": 0, ""admission_oversize"": 0, ""client_capacity"": 0, ""client_input"": 0, ""deadline"": 0, ""not_leader"": 0, ""protocol"": 0, ""read_apply_unconfirmed"": 0, ""read_quorum_unconfirmed"": 0, ""rpc_status"": 0, ""success"": 263204}",0.19252403394032827,1.6394964575938862
1,1,point-r100,new,get,get,263204,263204,263204,26320.371337115615,26320.371337115615,26320.371337115615,26320.371337115615,37.86187524125773,36.864,37.375,44.544,45.055,52.224,52.735,"{""client_rejected"": 0, ""read_failure"": 0, ""refused"": 0, ""success"": 263204, ""unknown_write"": 0}","{""admission_bytes"": 0, ""admission_count"": 0, ""admission_oversize"": 0, ""client_capacity"": 0, ""client_input"": 0, ""deadline"": 0, ""not_leader"": 0, ""protocol"": 0, ""read_apply_unconfirmed"": 0, ""read_quorum_unconfirmed"": 0, ""rpc_status"": 0, ""success"": 263204}",0.19252403394032827,1.6394964575938862
1,1,point-r100,new,put,put,0,0,0,0.0,0.0,0.0,0.0,,,,,,,,"{""client_rejected"": 0, ""read_failure"": 0, ""refused"": 0, ""success"": 0, ""unknown_write"": 0}","{""admission_bytes"": 0, ""admission_count"": 0, ""admission_oversize"": 0, ""client_capacity"": 0, ""client_input"": 0, ""deadline"": 0, ""not_leader"": 0, ""protocol"": 0, ""read_apply_unconfirmed"": 0, ""read_quorum_unconfirmed"": 0, ""rpc_status"": 0, ""success"": 0}",0.19252403394032827,1.6394964575938862
1,1,point-r100,old,combined,read+write,263545,263545,263545,26354.45433036609,26354.45433036609,26354.45433036609,26354.45433036609,37.816865043920394,36.864,37.375,44.032,44.543,51.712,52.223,"{""client_rejected"": 0, ""read_failure"": 0, ""refused"": 0, ""success"": 263545, ""unknown_write"": 0}","{""admission_bytes"": 0, ""admission_count"": 0, ""admission_oversize"": 0, ""client_capacity"": 0, ""client_input"": 0, ""deadline"": 0, ""not_leader"": 0, ""protocol"": 0, ""read_apply_unconfirmed"": 0, ""read_quorum_unconfirmed"": 0, ""rpc_status"": 0, ""success"": 263545}",0.19142055791692916,1.6361122485969417
1,1,point-r100,old,get,get,263545,263545,263545,26354.45433036609,26354.45433036609,26354.45433036609,26354.45433036609,37.816865043920394,36.864,37.375,44.032,44.543,51.712,52.223,"{""client_rejected"": 0, ""read_failure"": 0, ""refused"": 0, ""success"": 263545, ""unknown_write"": 0}","{""admission_bytes"": 0, ""admission_count"": 0, ""admission_oversize"": 0, ""client_capacity"": 0, ""client_input"": 0, ""deadline"": 0, ""not_leader"": 0, ""protocol"": 0, ""read_apply_unconfirmed"": 0, ""read_quorum_unconfirmed"": 0, ""rpc_status"": 0, ""success"": 263545}",0.19142055791692916,1.6361122485969417
1,1,point-r100,old,put,put,0,0,0,0.0,0.0,0.0,0.0,,,,,,,,"{""client_rejected"": 0, ""read_failure"": 0, ""refused"": 0, ""success"": 0, ""unknown_write"": 0}","{""admission_bytes"": 0, ""admission_count"": 0, ""admission_oversize"": 0, ""client_capacity"": 0, ""client_input"": 0, ""deadline"": 0, ""not_leader"": 0, ""protocol"": 0, ""read_apply_unconfirmed"": 0, ""read_quorum_unconfirmed"": 0, ""rpc_status"": 0, ""success"": 0}",0.19142055791692916,1.6361122485969417
1,1,point-r050,redis,combined,read+write,1729302,1729302,1729302,172930.1608313186,172930.1608313186,172930.1608313186,172930.1608313186,5.701061456587687,5.568,5.631,5.888,5.951,7.68,7.743,"{""read_failure"": 0, ""success"": 1729302, ""unknown_write"": 0}","{""data_integrity"": 0, ""deadline"": 0, ""io"": 0, ""protocol"": 0, ""server_error"": 0, ""success"": 1729302}",0.6103655174987529,0.5279376505610553
1,1,point-r050,redis,get,get,863817,863817,863817,86381.68043454939,86381.68043454939,86381.68043454939,86381.68043454939,5.686455367282654,5.568,5.631,5.888,5.951,7.68,7.743,"{""read_failure"": 0, ""success"": 863817, ""unknown_write"": 0}","{""data_integrity"": 0, ""deadline"": 0, ""io"": 0, ""protocol"": 0, ""server_error"": 0, ""success"": 863817}",0.6103655174987529,0.5279376505610553
1,1,point-r050,redis,set,set,865485,865485,865485,86548.48039676918,86548.48039676918,86548.48039676918,86548.48039676918,5.715639396407794,5.632,5.695,5.888,5.951,7.68,7.743,"{""read_failure"": 0, ""success"": 865485, ""unknown_write"": 0}","{""data_integrity"": 0, ""deadline"": 0, ""io"": 0, ""protocol"": 0, ""server_error"": 0, ""success"": 865485}",0.6103655174987529,0.5279376505610553
1,1,point-r050,new,combined,read+write,184415,184415,184415,18441.443805232437,18441.443805232437,18441.443805232437,18441.443805232437,54.116130998020765,53.248,53.759,69.632,70.655,78.848,79.871,"{""client_rejected"": 0, ""read_failure"": 0, ""refused"": 0, ""success"": 184415, ""unknown_write"": 0}","{""admission_bytes"": 0, ""admission_count"": 0, ""admission_oversize"": 0, ""client_capacity"": 0, ""client_input"": 0, ""deadline"": 0, ""not_leader"": 0, ""protocol"": 0, ""read_apply_unconfirmed"": 0, ""read_quorum_unconfirmed"": 0, ""rpc_status"": 0, ""success"": 184415}",0.14184552964178399,2.1669281355879066
1,1,point-r050,new,get,get,92343,92343,92343,9234.271861326784,9234.271861326784,9234.271861326784,9234.271861326784,47.593535362723756,47.104,47.615,57.856,58.367,65.536,66.559,"{""client_rejected"": 0, ""read_failure"": 0, ""refused"": 0, ""success"": 92343, ""unknown_write"": 0}","{""admission_bytes"": 0, ""admission_count"": 0, ""admission_oversize"": 0, ""client_capacity"": 0, ""client_input"": 0, ""deadline"": 0, ""not_leader"": 0, ""protocol"": 0, ""read_apply_unconfirmed"": 0, ""read_quorum_unconfirmed"": 0, ""rpc_status"": 0, ""success"": 92343}",0.14184552964178399,2.1669281355879066
1,1,point-r050,new,put,put,92072,92072,92072,9207.171943905652,9207.171943905652,9207.171943905652,9207.171943905652,60.657924906594836,59.392,59.903,72.704,73.727,82.944,83.967,"{""client_rejected"": 0, ""read_failure"": 0, ""refused"": 0, ""success"": 92072, ""unknown_write"": 0}","{""admission_bytes"": 0, ""admission_count"": 0, ""admission_oversize"": 0, ""client_capacity"": 0, ""client_input"": 0, ""deadline"": 0, ""not_leader"": 0, ""protocol"": 0, ""read_apply_unconfirmed"": 0, ""read_quorum_unconfirmed"": 0, ""rpc_status"": 0, ""success"": 92072}",0.14184552964178399,2.1669281355879066
1,1,point-r050,old,combined,read+write,183010,183010,183010,18300.987028260395,18300.987028260395,18300.987028260395,18300.987028260395,54.533689475984914,53.76,54.271,70.656,71.679,79.872,80.895,"{""client_rejected"": 0, ""read_failure"": 0, ""refused"": 0, ""success"": 183010, ""unknown_write"": 0}","{""admission_bytes"": 0, ""admission_count"": 0, ""admission_oversize"": 0, ""client_capacity"": 0, ""client_input"": 0, ""deadline"": 0, ""not_leader"": 0, ""protocol"": 0, ""read_apply_unconfirmed"": 0, ""read_quorum_unconfirmed"": 0, ""rpc_status"": 0, ""success"": 183010}",0.14085157232382808,2.1661973585317478
1,1,point-r050,old,get,get,91619,91619,91619,9161.893506049882,9161.893506049882,9161.893506049882,9161.893506049882,47.98381896768138,47.104,47.615,58.368,58.879,66.56,67.583,"{""client_rejected"": 0, ""read_failure"": 0, ""refused"": 0, ""success"": 91619, ""unknown_write"": 0}","{""admission_bytes"": 0, ""admission_count"": 0, ""admission_oversize"": 0, ""client_capacity"": 0, ""client_input"": 0, ""deadline"": 0, ""not_leader"": 0, ""protocol"": 0, ""read_apply_unconfirmed"": 0, ""read_quorum_unconfirmed"": 0, ""rpc_status"": 0, ""success"": 91619}",0.14085157232382808,2.1661973585317478
1,1,point-r050,old,put,put,91391,91391,91391,9139.09352221051,9139.09352221051,9139.09352221051,9139.09352221051,61.09990043877406,59.904,60.415,73.728,74.751,83.968,84.991,"{""client_rejected"": 0, ""read_failure"": 0, ""refused"": 0, ""success"": 91391, ""unknown_write"": 0}","{""admission_bytes"": 0, ""admission_count"": 0, ""admission_oversize"": 0, ""client_capacity"": 0, ""client_input"": 0, ""deadline"": 0, ""not_leader"": 0, ""protocol"": 0, ""read_apply_unconfirmed"": 0, ""read_quorum_unconfirmed"": 0, ""rpc_status"": 0, ""success"": 91391}",0.14085157232382808,2.1661973585317478
1,1,point-r000,redis,combined,read+write,1718629,1718629,1718629,171862.84044952577,171862.84044952577,171862.84044952577,171862.84044952577,5.699341270861833,5.568,5.631,5.888,5.951,7.232,7.295,"{""read_failure"": 0, ""success"": 1718629, ""unknown_write"": 0}","{""data_integrity"": 0, ""deadline"": 0, ""io"": 0, ""protocol"": 0, ""server_error"": 0, ""success"": 1718629}",0.6021824357159304,0.5348566977561781
1,1,point-r000,redis,get,get,0,0,0,0.0,0.0,0.0,0.0,,,,,,,,"{""read_failure"": 0, ""success"": 0, ""unknown_write"": 0}","{""data_integrity"": 0, ""deadline"": 0, ""io"": 0, ""protocol"": 0, ""server_error"": 0, ""success"": 0}",0.6021824357159304,0.5348566977561781
1,1,point-r000,redis,set,set,1718629,1718629,1718629,171862.84044952577,171862.84044952577,171862.84044952577,171862.84044952577,5.699341270861833,5.568,5.631,5.888,5.951,7.232,7.295,"{""read_failure"": 0, ""success"": 1718629, ""unknown_write"": 0}","{""data_integrity"": 0, ""deadline"": 0, ""io"": 0, ""protocol"": 0, ""server_error"": 0, ""success"": 1718629}",0.6021824357159304,0.5348566977561781
1,1,point-r000,new,combined,read+write,161266,161266,161266,16126.588940385305,16126.588940385305,16126.588940385305,16126.588940385305,61.90721200377017,60.416,60.927,73.728,74.751,82.944,83.967,"{""client_rejected"": 0, ""read_failure"": 0, ""refused"": 0, ""success"": 161266, ""unknown_write"": 0}","{""admission_bytes"": 0, ""admission_count"": 0, ""admission_oversize"": 0, ""client_capacity"": 0, ""client_input"": 0, ""deadline"": 0, ""not_leader"": 0, ""protocol"": 0, ""read_apply_unconfirmed"": 0, ""read_quorum_unconfirmed"": 0, ""rpc_status"": 0, ""success"": 161266}",0.12768987499090456,2.5457732382551543
1,1,point-r000,new,get,get,0,0,0,0.0,0.0,0.0,0.0,,,,,,,,"{""client_rejected"": 0, ""read_failure"": 0, ""refused"": 0, ""success"": 0, ""unknown_write"": 0}","{""admission_bytes"": 0, ""admission_count"": 0, ""admission_oversize"": 0, ""client_capacity"": 0, ""client_input"": 0, ""deadline"": 0, ""not_leader"": 0, ""protocol"": 0, ""read_apply_unconfirmed"": 0, ""read_quorum_unconfirmed"": 0, ""rpc_status"": 0, ""success"": 0}",0.12768987499090456,2.5457732382551543
1,1,point-r000,new,put,put,161266,161266,161266,16126.588940385305,16126.588940385305,16126.588940385305,16126.588940385305,61.90721200377017,60.416,60.927,73.728,74.751,82.944,83.967,"{""client_rejected"": 0, ""read_failure"": 0, ""refused"": 0, ""success"": 161266, ""unknown_write"": 0}","{""admission_bytes"": 0, ""admission_count"": 0, ""admission_oversize"": 0, ""client_capacity"": 0, ""client_input"": 0, ""deadline"": 0, ""not_leader"": 0, ""protocol"": 0, ""read_apply_unconfirmed"": 0, ""read_quorum_unconfirmed"": 0, ""rpc_status"": 0, ""success"": 161266}",0.12768987499090456,2.5457732382551543
1,1,point-r000,old,combined,read+write,161867,161867,161867,16186.637522816489,16186.637522816489,16186.637522816489,16186.637522816489,61.67866358800744,60.416,60.927,73.728,74.751,82.944,83.967,"{""client_rejected"": 0, ""read_failure"": 0, ""refused"": 0, ""success"": 161867, ""unknown_write"": 0}","{""admission_bytes"": 0, ""admission_count"": 0, ""admission_oversize"": 0, ""client_capacity"": 0, ""client_input"": 0, ""deadline"": 0, ""not_leader"": 0, ""protocol"": 0, ""read_apply_unconfirmed"": 0, ""read_quorum_unconfirmed"": 0, ""rpc_status"": 0, ""success"": 161867}",0.1275453506555758,2.5408342998544162
1,1,point-r000,old,get,get,0,0,0,0.0,0.0,0.0,0.0,,,,,,,,"{""client_rejected"": 0, ""read_failure"": 0, ""refused"": 0, ""success"": 0, ""unknown_write"": 0}","{""admission_bytes"": 0, ""admission_count"": 0, ""admission_oversize"": 0, ""client_capacity"": 0, ""client_input"": 0, ""deadline"": 0, ""not_leader"": 0, ""protocol"": 0, ""read_apply_unconfirmed"": 0, ""read_quorum_unconfirmed"": 0, ""rpc_status"": 0, ""success"": 0}",0.1275453506555758,2.5408342998544162
1,1,point-r000,old,put,put,161867,161867,161867,16186.637522816489,16186.637522816489,16186.637522816489,16186.637522816489,61.67866358800744,60.416,60.927,73.728,74.751,82.944,83.967,"{""client_rejected"": 0, ""read_failure"": 0, ""refused"": 0, ""success"": 161867, ""unknown_write"": 0}","{""admission_bytes"": 0, ""admission_count"": 0, ""admission_oversize"": 0, ""client_capacity"": 0, ""client_input"": 0, ""deadline"": 0, ""not_leader"": 0, ""protocol"": 0, ""read_apply_unconfirmed"": 0, ""read_quorum_unconfirmed"": 0, ""rpc_status"": 0, ""success"": 161867}",0.1275453506555758,2.5408342998544162
